doc_name,gold_rels,pred_rels,rel_type,fp_prediction,fn_prediction
Chromosome-6-Partial-Trisomy-6q,"{'produces', 'is_a'}","{'anaphora', 'produces', 'is_a'}",,,
,,,anaphora,"{('chromosome 6, partial trisomy 6q', '""the chromosomal disorder""', 'anaphora')}",
,,,produces,set(),set()
,,,is_a,set(),set()
Mixed-Cryoglobulinemia,"{'anaphora', 'is_acron', 'increases_risk_of', 'produces'}","{'anaphora', 'increases_risk_of'}",,,
,,,anaphora,"{('mixed cryoglobulinemia', '""the disorder""', 'anaphora')}","{('cryoglobulinemia', '""the disorder""', 'anaphora')}"
,,,is_acron,set(),"{('hcv', 'hepatitis c', 'is_acron')}"
,,,increases_risk_of,"{('hepatitis c virus', '""the disorder""', 'increases_risk_of')}","{('hepatitis c', 'mixed cryoglobulinemia', 'increases_risk_of')}"
,,,produces,set(),"{('hepatitis c', 'hepatitis', 'produces')}"
Tinnitus,"{'anaphora', 'produces', 'is_a'}","{'anaphora', 'produces', 'is_a'}",,,
,,,anaphora,set(),set()
,,,produces,"{('""it""', 'tinnitus', 'produces')}","{('non-rhythmic tinnitus', 'tinnitus', 'produces'), ('rhythmic tinnitus', 'tinnitus', 'produces')}"
,,,is_a,"{('""it""', 'tinnitus', 'is_a')}","{('rhythmic tinnitus', 'tinnitus', 'is_a'), ('non-rhythmic tinnitus', 'tinnitus', 'is_a')}"
Leukoencephalopathy-with-Brain-Stem-and-Spinal-Cord-Involvement-and-Lactate-Elevation,{'anaphora'},{'anaphora'},,,
,,,anaphora,set(),set()
Arteriovenous-Malformation,"{'is_acron', 'produces'}","{'anaphora', 'is_acron', 'produces', 'is_a'}",,,
,,,anaphora,"{('avm', '""it""', 'anaphora'), ('avm', '""this condition""', 'anaphora'), ('avm', '""the lesion""', 'anaphora')}",
,,,is_a,"{('avm', 'cerebrovascular disorders', 'is_a'), ('arteriovenous malformation', 'vascular lesion', 'is_a')}",
,,,is_acron,set(),set()
,,,produces,"{('""the lesion""', 'age at detection', 'produces'), ('""the lesion""', 'low flow rates in the arteries', 'produces'), ('""the lesion""', 'brain', 'produces'), ('""the lesion""', 'vascular lesions', 'produces'), ('""the lesion""', 'pressure in the arteries', 'produces')}","{('arteriovenous malformation', 'avm', 'produces'), ('avm', 'stroke', 'produces'), ('avm', 'fistulas', 'produces'), ('avms', 'blood traveling through the abnormal fistulous connections to flow rapidly', 'produces'), ('avms', 'lack of capillaries', 'produces'), ('avm', 'low resistance of the direct a-v connections', 'produces'), ('avm', 'lower the pressure in the arteries', 'produces'), ('avm', 'high flow rates in the vessels', 'produces'), ('avm', 'high flow rates', 'produces'), ('arteriovenous malformation', 'lesion', 'produces'), ('avm', 'direct a-v connections', 'produces')}"
Spinocerebellar-Ataxia-with-Axonal-Neuropathy,{'anaphora'},{'anaphora'},,,
,,,anaphora,set(),set()
Pseudo-Hurler-Polydystrophy,"{'anaphora', 'produces', 'is_a', 'is_synon'}","{'anaphora', 'produces', 'is_a'}",,,
,,,anaphora,set(),set()
,,,produces,"{('""this disorder""', 'decreased enzyme levels in fibroblasts', 'produces'), ('""this disorder""', 'elevated lysosomal enzyme activity in serum', 'produces'), ('""this disorder""', 'decreased lysosomal enzyme levels in white blood cells', 'produces'), ('pseudo-hurler polydystrophy', 'skeletal deformities of the hands', 'produces'), ('pseudo-hurler polydystrophy', 'scoliosis', 'produces'), ('pseudo-hurler polydystrophy', 'accumulation of mucopolysaccharides', 'produces'), ('pseudo-hurler polydystrophy', 'defective enzyme', 'produces'), ('pseudo-hurler polydystrophy', 'mucolipids', 'produces'), ('pseudo-hurler polydystrophy', 'claw-hands', 'produces'), ('pseudo-hurler polydystrophy', 'progressive joint stiffness', 'produces')}","{('pseudo-hurler polydystrophy', 'accumulation of mucopolysaccharides and mucolipids', 'produces'), ('""this disorder""', 'skeletal deformities of the hands', 'produces'), ('""this disorder""', 'progressive joint stiffness', 'produces'), ('pseudo-hurler polydystrophy', 'defective upd-n-acetylglucosamine-1-phosphotransferase', 'produces'), ('""this disorder""', 'claw-hands', 'produces'), ('pseudo-hurler polydystrophy', 'growth delays', 'produces'), ('pseudo-hurler polydystrophy', 'clouding of the corneas of the eyes', 'produces'), ('pseudo-hurler polydystrophy', 'decreased enzyme levels in fibroblasts', 'produces'), ('""this disorder""', 'scoliosis', 'produces'), ('pseudo-hurler polydystrophy', 'mild mental retardation', 'produces'), ('pseudo-hurler polydystrophy', 'elevated lysosomal enzyme activity in serum', 'produces'), ('pseudo-hurler polydystrophy', 'decreased enzyme levels in white blood cells', 'produces'), ('pseudo-hurler polydystrophy', 'mild to moderate coarseness of facial features', 'produces'), ('pseudo-hurler polydystrophy', 'easy fatigability', 'produces'), ('pseudo-hurler polydystrophy', 'deterioration of the hip joints', 'produces')}"
,,,is_a,set(),set()
,,,is_synon,set(),"{('mucolipidosis type iii', 'pseudo-hurler polydystrophy', 'is_synon'), ('mucolipidosis type ii', 'i-cell disease', 'is_synon')}"
Gitelman-Syndrome,"{'anaphora', 'produces'}","{'anaphora', 'produces'}",,,
,,,anaphora,"{('gitelman syndrome', '""these disorders""', 'anaphora')}",set()
,,,produces,"{('gitelman syndrome', 'salt wasting', 'produces')}","{('gitelman syndrome', 'lower blood pressures', 'produces')}"
Tarsal-Tunnel-Syndrome,{'anaphora'},{'anaphora'},,,
,,,anaphora,set(),set()
C3-Glomerulopathy_-Dense-Deposit-Disease-and-C3-Glomerulonephritis,"{'produces', 'is_a', 'is_acron'}","{'anaphora', 'is_acron', 'produces'}",,,
,,,anaphora,"{('complement-mediated renal diseases', '""these diseases""', 'anaphora')}",
,,,produces,"{('c3g', 'deposits are more often heavy in color and more widespread in location', 'produces'), ('complement-mediated renal diseases', 'renal diseases', 'produces'), ('c3g', 'kidney deposits lighter in color and more widespread in location', 'produces')}","{('dense deposit disease', 'abundance of a protein called c3 in the renal glomeruli', 'produces'), ('ddd', 'abundance of c3 in the renal glomeruli', 'produces'), ('c3g', 'kidney deposits', 'produces'), ('dense deposit disease', ""dense 'sausage-like' deposits in the glomerular basement membrane"", 'produces')}"
,,,is_a,set(),"{('dense deposit disease', 'kidney disease', 'is_a')}"
,,,is_acron,"{('c3 glomerulopathy', 'c3 glomerulonephritis', 'is_acron')}","{('c3gn', 'c3 glomerulonephritis', 'is_acron'), ('c3g', 'c3 glomerulopathy', 'is_acron')}"
Trichothiodystrophy,{'produces'},"{'anaphora', 'produces'}",,,
,,,anaphora,"{('ttd', '""the disorder""', 'anaphora'), ('ttd', '""it""', 'anaphora')}",
,,,produces,"{('ttd', 'abnormalities of short stature', 'produces'), ('ttd', 'abnormalities of hair shafts', 'produces'), ('ttd', 'abnormalities of chin', 'produces'), ('ttd', 'bone and teeth abnormalities', 'produces')}","{('ttd', 'small chin', 'produces'), ('ttd', 'short stature', 'produces'), ('ttd', 'hair shaft abnormalities', 'produces'), ('ttd', ""reduced sulfur content in patient's hair"", 'produces'), ('ttd', 'hair shafts tiger-tail pattern', 'produces'), ('ttd', 'hair abnormalities', 'produces'), ('ttd', 'abnormal patterns of myelination', 'produces'), ('ttd', 'bone and teeth anomalies', 'produces')}"
Alpers-Disease,"{'anaphora', 'produces', 'increases_risk_of', 'is_a'}","{'anaphora', 'produces', 'is_a'}",,,
,,,anaphora,set(),set()
,,,produces,"{('""it""', 'muscle weakness', 'produces'), ('alpers disease', 'cirrhosis', 'produces'), ('alpers disease', 'loss of cognitive ability', 'produces'), ('alpers disease', 'muscle twitching', 'produces')}","{('""it""', 'muscle twitching', 'produces'), ('alpers disease', 'liver cirrhotic', 'produces'), ('alpers disease', 'blind', 'produces'), ('alpers disease', 'loss of intellectual functions', 'produces'), ('""it""', 'lack of coordination of motor movement', 'produces'), ('alpers disease', 'mental retardation', 'produces'), ('""it""', 'partial paralysis', 'produces'), ('alpers disease', 'jaundice', 'produces')}"
,,,increases_risk_of,set(),"{('alpers disease', 'serious liver disease', 'increases_risk_of')}"
,,,is_a,"{('alpers disease', 'progressive neurologic disorder', 'is_a')}","{('alpers disease', 'mental retardation', 'is_a')}"
Autosomal-Dominant-Hereditary-Ataxia,"{'anaphora', 'produces'}","{'anaphora', 'is_a'}",,,
,,,is_a,"{('hereditary ataxia', 'ataxias', 'is_a')}",
,,,anaphora,set(),set()
,,,produces,set(),"{('hereditary ataxia', 'ataxia', 'produces'), ('hereditary ataxia', 'ataxias', 'produces')}"
Glutathione-Synthetase-Deficiency,set(),set(),,,
Epidermolytic-Ichthyosis,"{'increases_risk_of', 'is_synon', 'produces', 'is_a', 'anaphora'}","{'anaphora', 'produces', 'is_a'}",,,
,,,increases_risk_of,set(),"{('ei', 'skin infections', 'increases_risk_of')}"
,,,is_synon,set(),"{('curth-macklin', 'ichthyosis hystrix', 'is_synon')}"
,,,produces,"{('ei', 'gradual decrease in blistering', 'produces'), ('ei', 'ichthyosis hystrix', 'produces'), ('ei', 'increase in the severity of the scaling', 'produces'), ('ei', 'skin infections', 'produces')}","{('ei', 'scaling', 'produces'), ('palmoplantar keratoderma', 'limit hand function', 'produces'), ('ei', 'blistering', 'produces'), ('ichthyosis hystrix', 'brown-grey hyperkeratotic spines', 'produces'), ('palmoplantar keratoderma', 'limit ambulation', 'produces'), ('ei', 'scales', 'produces'), ('ei', 'generalized erythroderma', 'produces')}"
,,,is_a,"{('ei', 'ichthyosis hystrix', 'is_a')}","{('ichthyosis hystrix', 'ei', 'is_a')}"
,,,anaphora,set(),set()
Banti_s-Syndrome,"{'anaphora', 'produces'}","{'increases_risk_of', 'produces'}",,,
,,,increases_risk_of,"{('congenital abnormalities of the spleen', 'banti syndrome', 'increases_risk_of'), ('inflammation of veins of the liver', 'splenomegaly', 'increases_risk_of'), ('blood clots', 'banti syndrome', 'increases_risk_of'), ('vascular obstruction of the liver', 'banti syndrome', 'increases_risk_of'), ('hepatic veins abnormalities', 'banti syndrome', 'increases_risk_of')}",
,,,anaphora,set(),"{('banti syndrome', '""it""', 'anaphora')}"
,,,produces,"{('banti syndrome', 'hepatic veins', 'produces'), ('banti syndrome', 'obstruction of veins of the liver', 'produces'), ('banti syndrome', 'abnormalities within the spleen', 'produces'), ('banti syndrome', 'splenic veins', 'produces'), ('banti syndrome', 'inflammation of veins of the liver', 'produces'), ('banti syndrome produces large, gland-like organ in the upper left side of the abdomen', 'red blood cells before birth', 'produces'), ('banti syndrome', 'vascular obstruction of the liver', 'produces'), ('banti syndrome', 'hypertension within', 'produces'), ('banti syndrome', 'aged red blood cells', 'produces'), ('banti syndrome', 'spleen', 'produces')}","{('banti syndrome', 'cirrhosis', 'produces'), ('""it""', 'increased arsenic levels', 'produces'), ('banti syndrome', 'obstruction of splenic veins', 'produces'), ('banti syndrome', 'hypertension splenic veins hepatic or portal veins', 'produces'), ('banti syndrome', 'vascular obstruction', 'produces'), ('banti syndrome', 'obstruction of hepatic or portal veins', 'produces'), ('banti syndrome', 'congenital blood clots', 'produces')}"
Potter-Syndrome,"{'anaphora', 'increases_risk_of'}","{'anaphora', 'increases_risk_of'}",,,
,,,anaphora,"{('potter syndrome', '""it""', 'anaphora')}",set()
,,,increases_risk_of,"{('bilateral renal agenesis', '""this condition""', 'increases_risk_of')}","{('bilateral renal agenesis', 'potter syndrome', 'increases_risk_of')}"
SLC13A5-Epileptic-Encephalopathy,set(),set(),,,
Meningitis-Tuberculous,"{'increases_risk_of', 'is_acron', 'produces', 'is_a', 'anaphora'}","{'anaphora', 'produces'}",,,
,,,increases_risk_of,set(),"{('miliary tuberculosis', 'tuberculous meningitis', 'increases_risk_of')}"
,,,is_acron,set(),"{('tbm', 'tuberculous meningitis', 'is_acron'), ('tb', 'tuberculosis', 'is_acron')}"
,,,produces,"{('tuberculous meningitis', 'meningitis', 'produces')}",set()
,,,is_a,set(),"{('tuberculous meningitis', 'meningitis', 'is_a'), ('""this form of meningitis""', 'meningitis', 'is_a')}"
,,,anaphora,"{('tuberculous meningitis', '""the disorder""', 'anaphora')}","{('tbm', '""the infection""', 'anaphora'), ('tbm', '""the disorder""', 'anaphora'), ('tbm', '""it""', 'anaphora')}"
Very-Long-Chain-Acyl-CoA-Dehydrogenase-Deficiency-(LCAD),"{'produces', 'anaphora', 'is_acron', 'is_a'}","{'produces', 'anaphora', 'is_acron', 'is_a'}",,,
,,,produces,"{('""it""', 'fatty acid oxidation diseases', 'produces')}","{('""it""', 'enzyme needed to break down certain very long-chain fatty acids is missing or not working properly', 'produces')}"
,,,anaphora,"{('vlcadd', '""the disorder""', 'anaphora')}","{('vlcad', '""the disorder""', 'anaphora')}"
,,,is_acron,set(),"{('lcadd', 'long-chain acyl-coa dehydrogenase deficiency', 'is_acron')}"
,,,is_a,"{('lcadd', 'metabolic diseases', 'is_a')}","{('lcadd', 'long-chain acyl-coa dehydrogenase deficiency', 'is_a'), ('vlcadd', 'fatty acid oxidation (fod) diseases', 'is_a')}"
Enterobiasis,"{'anaphora', 'produces', 'is_a', 'is_synon'}","{'produces', 'is_a'}",,,
,,,anaphora,set(),"{('enterobiasis', '""the disorder""', 'anaphora')}"
,,,produces,set(),set()
,,,is_a,"{('enterobiasis', 'contagious, parasitic disorder', 'is_a')}","{('enterobiasis', 'common, contagious, parasitic infestation', 'is_a')}"
,,,is_synon,set(),"{('pinworm infection', 'enterobiasis', 'is_synon')}"
Lichen-Sclerosus,"{'anaphora', 'is_a'}","{'anaphora', 'produces', 'is_a'}",,,
,,,produces,"{('balanitis xerotica obliterans', 'lichen sclerosus', 'produces'), ('balanitis xerotica obliterans', 'vulvar lichen sclerosus', 'produces')}",
,,,anaphora,"{('lichen sclerosus', '""the disease""', 'anaphora')}","{('balanitis xerotica obliterans', '""the disease""', 'anaphora')}"
,,,is_a,"{('balanitis xerotica obliterans', 'chronic inflammatory skin disorder', 'is_a'), ('""the condition""', 'skin disorders', 'is_a')}",set()
Pediatric-Crohns-Disease,"{'anaphora', 'produces'}","{'anaphora', 'is_a'}",,,
,,,is_a,"{('""the disorder""', 'inflammatory bowel disease', 'is_a')}",
,,,anaphora,set(),"{(""pediatric crohn's disease"", '""it""', 'anaphora')}"
,,,produces,set(),"{('very early onset (veo) inflammatory bowel disease', ""crohn's disease in children less than 6 years old"", 'produces')}"
Alkaptonuria,"{'anaphora', 'produces', 'is_a'}","{'anaphora', 'produces', 'is_a'}",,,
,,,anaphora,"{('alkaptonuria', '""this condition""', 'anaphora')}",set()
,,,produces,"{('alkaptonuria', 'lack of enough functional levels of an enzyme required to breakdown homogentisic acid', 'produces'), ('alkaptonuria', 'accumulation of homogentisic acid in the body', 'produces'), ('alkaptonuria', 'asymptomatic', 'produces'), ('alkaptonuria', 'large joints', 'produces')}","{('alkaptonuria', 'asymptomatic during infancy or childhood', 'produces'), ('alkaptonuria', 'discoloration of the skin overlying cartilage', 'produces'), ('alkaptonuria', 'accumulation of homogentisic acid', 'produces'), ('alkaptonuria', 'progressive arthritis of large joints', 'produces'), ('alkaptonuria', 'lack enough functional levels of an enzyme required to breakdown homogentisic acid', 'produces'), ('alkaptonuria', 'sclera discolored', 'produces')}"
,,,is_a,set(),set()
Primary-Lateral-Sclerosis,"{'anaphora', 'produces', 'is_a', 'is_acron'}","{'anaphora', 'produces', 'is_a', 'is_acron'}",,,
,,,anaphora,"{('primary lateral sclerosis', '""it""', 'anaphora')}",set()
,,,produces,"{('primary lateral sclerosis', 'painless progressive weakness of the muscles of the legs', 'produces'), ('""the disorder""', 'bulbar muscles', 'produces'), ('primary lateral sclerosis', 'stiffness of the muscles of the arms', 'produces'), ('primary lateral sclerosis', 'weakness', 'produces'), ('""the disorder""', 'weakness of the muscles at the base of the brain', 'produces'), ('""the disorder""', 'spasticity', 'produces'), ('""the disorder""', 'weakness of the muscles of the arms', 'produces'), ('""the disorder""', 'difficulty in speaking', 'produces'), ('primary lateral sclerosis', 'stiffness of the muscles at the base of the brain', 'produces'), ('primary lateral sclerosis', 'paralysis of the legs', 'produces'), ('""the disorder""', 'muscles affected', 'produces')}","{('primary lateral sclerosis', 'cramps', 'produces'), ('motor neuron diseases', 'malfunction of the motor neurons', 'produces'), ('primary lateral sclerosis', 'weakness bulbar muscles', 'produces'), ('primary lateral sclerosis', 'progressive weakness of the muscles of the legs', 'produces'), ('primary lateral sclerosis', 'spasticity', 'produces'), ('primary lateral sclerosis', 'weakness arms', 'produces'), ('primary lateral sclerosis', 'weakness muscles of the face', 'produces'), ('primary lateral sclerosis', 'ability to speak impaired', 'produces'), ('primary lateral sclerosis', 'muscle weakness', 'produces'), ('primary lateral sclerosis', 'muscular contractions', 'produces'), ('primary lateral sclerosis', 'stiffness of the muscles of the legs', 'produces'), ('primary lateral sclerosis', 'stiffness of joints', 'produces')}"
,,,is_a,"{('pls', 'motor neuron diseases', 'is_a'), ('""the disorder""', 'motor neuron diseases', 'is_a')}","{('primary lateral sclerosis', 'stiffness of joints', 'is_a')}"
,,,is_acron,"{('pls', 'primary lateral sclerosis', 'is_acron')}","{('primary lateral sclerosis', 'primary lateral sclerosis', 'is_acron')}"
Multifocal-Motor-Neuropathy,"{'anaphora', 'produces'}","{'anaphora', 'produces', 'is_a'}",,,
,,,is_a,"{('multifocal motor neuropathy', 'motor neuropathy', 'is_a')}",
,,,anaphora,set(),set()
,,,produces,"{('""the disorder""', 'specific autoantibodies that target a specific protein in the body', 'produces')}","{('multifocal motor neuropathy', 'slowly progressive muscle weakness of the g', 'produces'), ('multifocal motor neuropathy', 'slowly progressive muscle weakness of the arms', 'produces'), ('multifocal motor neuropathy', 'slowly progressive muscle weakness', 'produces'), ('""the disorder""', 'muscles cramps', 'produces'), ('""the disorder""', 'presence of specific autoantibodies that target a specific protein in the body', 'produces'), ('""the disorder""', 'atrophy of muscles', 'produces')}"
Alveolar-Soft-Part-Sarcoma,"{'produces', 'anaphora', 'is_acron', 'is_a'}","{'anaphora', 'produces', 'is_a'}",,,
,,,produces,"{('asps', 'tumor', 'produces'), ('asps', '""this disorder""', 'produces'), ('asps', 'sarcoma', 'produces'), ('asps', 'multiple nodules', 'produces'), ('asps', 'painless mass', 'produces')}","{('asps', 'painless mass in the buttock', 'produces'), ('asps', 'painless mass in the leg', 'produces'), ('""it""', 'unbalanced translocation', 'produces')}"
,,,anaphora,"{('alveolar soft part sarcoma', '""this disorder""', 'anaphora')}","{('asps', '""the sarcoma""', 'anaphora'), ('asps', '""this tumor""', 'anaphora'), ('asps', '""the disorder""', 'anaphora')}"
,,,is_acron,set(),"{('asps', 'alveolar soft part sarcoma', 'is_acron')}"
,,,is_a,"{('alveolar soft part sarcoma', 'soft tissue tumor', 'is_a')}","{('soft tissue sarcomas', 'cancers', 'is_a'), ('""it""', 'soft tissue sarcomas', 'is_a'), ('""it""', 'sarcomas', 'is_a'), ('alveolar soft part sarcoma', 'slow growing soft tissue tumor', 'is_a'), ('""the sarcoma""', 'sarcoma', 'is_a')}"
Anemia-Hereditary-Nonspherocytic-Hemolytic,"{'anaphora', 'produces', 'is_a'}","{'anaphora', 'produces', 'is_a'}",,,
,,,anaphora,set(),set()
,,,produces,set(),set()
,,,is_a,set(),"{('hereditary nonspherocytic hemolytic anemia', 'genetically transmitted blood disorders', 'is_a')}"
Hartnup-Disease,{'anaphora'},{'anaphora'},,,
,,,anaphora,"{('slc6a19 hartnup disease', '""the disorder""', 'anaphora')}","{('hartnup disease', '""the disorder""', 'anaphora')}"
Soft-Tissue-Sarcoma,"{'anaphora', 'is_a'}",{'anaphora'},,,
,,,anaphora,"{('soft tissue sarcomas', '""this tumors""', 'anaphora')}","{('soft tissue sarcomas', '""they""', 'anaphora'), ('soft tissue sarcomas', '""this""', 'anaphora')}"
,,,is_a,set(),"{('soft tissue sarcomas', 'cancers', 'is_a'), ('soft tissue sarcomas', 'tumors', 'is_a')}"
CADASIL,"{'anaphora', 'is_a'}","{'anaphora', 'is_a'}",,,
,,,anaphora,set(),set()
,,,is_a,set(),set()
Berylliosis,{'is_a'},"{'anaphora', 'produces', 'is_a'}",,,
,,,anaphora,"{('berylliosis', '""the toxic effect""', 'anaphora')}",
,,,produces,"{('berylliosis', 'occupational exposure to beryllium', 'produces')}",
,,,is_a,set(),set()
Cleidocranial-Dysplasia,"{'anaphora', 'produces', 'is_a'}","{'anaphora', 'produces', 'is_a'}",,,
,,,anaphora,set(),set()
,,,produces,"{('cleidocranial dysplasia', 'moderately short stature', 'produces'), ('cleidocranial dysplasia', 'delayed closure of the soft spot on the head', 'produces'), ('cleidocranial dysplasia', 'defective or absent clavicles', 'produces'), ('cleidocranial dysplasia', 'narrow and abnormally shaped pelvic bones', 'produces'), ('cleidocranial dysplasia', 'fontanels', 'produces'), ('cleidocranial dysplasia', 'deformed chest', 'produces'), ('cleidocranial dysplasia', 'clavicles', 'produces')}","{('cleidocranial dysplasia', 'premature closing of the coronal', 'produces'), ('cleidocranial dysplasia', 'deformations in the chest', 'produces'), ('cleidocranial dysplasia', 'narrow and abnormally shaped pelvic and pubic bones', 'produces'), ('cleidocranial dysplasia', 'delayed closure of the fontanels', 'produces'), ('cleidocranial dysplasia', 'defective or absent collarbones', 'produces')}"
,,,is_a,set(),set()
Fetal-Alcohol-Syndrome,"{'is_acron', 'produces'}","{'anaphora', 'produces', 'is_a'}",,,
,,,anaphora,"{('fetal alcohol syndrome', '""the disorder""', 'anaphora')}",
,,,is_a,"{('fetal alcohol syndrome', 'characteristic pattern of mental and physical birth defects', 'is_a')}",
,,,is_acron,set(),"{('fas', 'fetal alcohol syndrome', 'is_acron')}"
,,,produces,"{('fetal alcohol syndrome', 'mental retardation', 'produces'), ('""the disorder""', 'mental retardation', 'produces'), ('fetal alcohol syndrome', 'physical abnormalities', 'produces')}","{('fetal alcohol syndrome', 'mental and physical birth defects', 'produces'), ('fas', 'learning abnormalities', 'produces'), ('fas', 'varying degrees of mental retardation', 'produces'), ('fas', 'behavioral problems', 'produces'), ('fas', 'mental retardation', 'produces')}"
Trisomy-9p-(Multiple-Variants),"{'is_synon', 'is_a'}","{'anaphora', 'is_a'}",,,
,,,anaphora,"{('trisomy 9p', '""the disorder""', 'anaphora')}",
,,,is_synon,set(),"{('down syndrome', 'trisomy 21', 'is_synon'), (""edwards's syndrome"", 'trisomy 18', 'is_synon'), ('patau syndrome', 'trisomy 13', 'is_synon')}"
,,,is_a,set(),set()
Glucose,"{'produces', 'is_a'}","{'anaphora', 'is_acron', 'produces', 'is_a'}",,,
,,,anaphora,"{('glucose-galactose malabsorption', '""they""', 'anaphora')}",
,,,is_acron,"{('ggm', 'glucose-galactose malabsorption', 'is_acron')}",
,,,produces,"{('""it""', 'watery diarrhea', 'produces'), ('glucose-galactose malabsorption', ""small intestine's inability to absorb and absorb glucose and galactose"", 'produces')}","{('ggm', 'watery diarrhea', 'produces'), ('glucose-galactose malabsorption', ""small intestine's inability to transport and absorb glucose and galactose"", 'produces')}"
,,,is_a,set(),set()
Chromosome-9-Ring,"{'anaphora', 'produces', 'is_a'}","{'anaphora', 'produces'}",,,
,,,anaphora,"{('chromosome 9 ring', '""the chromosomal abnormality""', 'anaphora')}",set()
,,,produces,"{('""the chromosomal abnormality""', 'genital abnormalities', 'produces'), ('""the chromosomal abnormality""', 'growth retardation', 'produces'), ('""the chromosomal abnormality""', 'heart defects', 'produces'), ('""the chromosomal abnormality""', 'malformations of the skull and facial (craniofacial) region', 'produces'), ('""the chromosomal abnormality""', 'moderate to severe intellectual disability', 'produces'), ('""the chromosomal abnormality""', 'physical features', 'produces')}","{('chromosome 9 ring', 'moderate to severe intellectual disability', 'produces'), ('chromosome 9 ring', 'genital abnormalities', 'produces'), ('chromosome 9 ring', 'malformations of the skull and facial (craniofacial) region', 'produces'), ('chromosome 9 ring', 'growth retardation', 'produces'), ('chromosome 9 ring', 'heart defects', 'produces')}"
,,,is_a,set(),"{('chromosome 9 ring', 'chromosomal abnormality', 'is_a')}"
WHIM-Syndrome,set(),set(),,,
Heart-Block-Congenital,{'produces'},"{'anaphora', 'increases_risk_of', 'produces'}",,,
,,,anaphora,"{('congenital heart block', '""the disorder""', 'anaphora')}",
,,,increases_risk_of,"{('congenital heart block', '""this""', 'increases_risk_of')}",
,,,produces,"{('congenital heart block', 'conduction abnormalities', 'produces')}","{('congenital heart block', 'heart block', 'produces')}"
Primary-Central-Nervous-System-Lymphoma,"{'is_acron', 'increases_risk_of', 'is_a'}","{'anaphora', 'is_acron', 'produces', 'is_a'}",,,
,,,anaphora,"{('primary central nervous system lymphoma', '""this""', 'anaphora'), ('primary central nervous system lymphoma', '""it""', 'anaphora')}",
,,,produces,"{('pcnsl', 'immunosuppression', 'produces'), ('pcnsl', 'impaired immune system', 'produces')}",
,,,is_acron,set(),set()
,,,increases_risk_of,set(),"{('hiv', 'primary cns lymphoma', 'increases_risk_of'), ('aids', 'primary cns lymphoma', 'increases_risk_of'), ('congenital immunodeficiency syndromes', 'primary cns lymphoma', 'increases_risk_of')}"
,,,is_a,"{('pcnsl', 'brain tumor', 'is_a'), ('primary central nervous system lymphoma', 'brain tumor', 'is_a')}","{('primary central nervous system lymphoma', 'brain tumors', 'is_a'), ('primary cns lymphoma', 'brain tumor', 'is_a')}"
Hyperekplexia,"{'anaphora', 'is_a'}","{'anaphora', 'produces', 'is_a'}",,,
,,,produces,"{('hyperekplexia', 'acute pain response', 'produces'), ('hyperekplexia', 'spasticity', 'produces')}",
,,,anaphora,set(),set()
,,,is_a,set(),set()
Dejerine,"{'anaphora', 'is_acron', 'produces'}",{'produces'},,,
,,,anaphora,set(),"{('dejerine-sottas syndrome', '""it""', 'anaphora'), ('dejerine-sottas syndrome', '""this disorder""', 'anaphora'), ('dss', '""the condition""', 'anaphora')}"
,,,is_acron,set(),"{('dss', 'dejerine-sottas syndrome', 'is_acron')}"
,,,produces,"{('dss', 'walking at preschool age', 'produces'), ('dss', 'hand weakness', 'produces'), ('dss', 'sudden onset of sensation', 'produces'), ('dss', 'school age', 'produces'), ('dss', 'foot weakness', 'produces'), ('dss', 'breathing at rest', 'produces'), ('dss', 'muscle loss', 'produces')}","{('dss', 'atrophy of leg muscles', 'produces'), ('""the condition""', 'hand and forearm muscles may become weak', 'produces'), ('dss', 'mild vision difficulties', 'produces'), ('dss', 'pain', 'produces')}"
Dysplasia-Epiphysealis-Hemimelica,"{'is_synon', 'is_acron', 'produces', 'is_a', 'anaphora'}","{'anaphora', 'produces', 'is_a'}",,,
,,,is_synon,set(),"{(""trevor's disease,"", 'dysplasia epiphysealis hemimelica', 'is_synon')}"
,,,is_acron,set(),"{('deh', 'dysplasia epiphysealis hemimelica', 'is_acron')}"
,,,produces,"{('""it""', 'abnormal growth of cartilage', 'produces'), ('""it""', 'upper limbs', 'produces'), ('""it""', 'generalized', 'produces'), ('""it""', 'bone of the knee', 'produces'), ('""it""', 'bone of the ankle joints', 'produces'), ('""it""', 'tarsal bones', 'produces')}","{('""it""', 'abnormal growth of cartilage arising from the cartilage of the terminal ends (epiphysis) of the long bones of the lower limbs', 'produces'), ('""it""', 'abnormal cartilage', 'produces'), ('""it""', 'irregular nodular mass located either in the medial or lateral part of the bone', 'produces'), ('""it""', 'abnormal growth of cartilage arising from the cartilage of the terminal ends (epiphysis) of the long bones', 'produces')}"
,,,is_a,"{('dysplasia epiphysealis hemimelica', 'developmental bone disease of childhood', 'is_a'), ('deh', 'developmental bone disease', 'is_a')}","{('dysplasia epiphysealis hemimelica', 'bone disease', 'is_a')}"
,,,anaphora,"{('deh', '""it""', 'anaphora')}","{('deh', '""this condition""', 'anaphora'), ('deh', '""this disease""', 'anaphora')}"
Duchenne-Muscular-Dystrophy,{'is_a'},"{'anaphora', 'is_a'}",,,
,,,anaphora,"{('dmd', '""the muscular dystrophies""', 'anaphora')}",
,,,is_a,"{('dmd', 'muscular dystrophies', 'is_a'), ('dmd', 'childhood onset muscular dystrophy', 'is_a')}","{('dmd', 'muscular dystrophy', 'is_a')}"
Ameloblastic-Carcinoma,{'anaphora'},{'anaphora'},,,
,,,anaphora,set(),set()
Andersen,{'anaphora'},{'anaphora'},,,
,,,anaphora,set(),set()
Fetal-Valproate-Syndrome,{'produces'},set(),,,
,,,produces,set(),"{('fvs', 'neural tube defects', 'produces'), ('fvs', 'cardiovascular abnormalities', 'produces'), ('fvs', 'limb defects', 'produces'), ('fvs', 'endocrine disorders', 'produces'), ('fvs', 'autism', 'produces'), ('fvs', 'cleft lip and palate', 'produces'), ('fvs', 'genitourinary defects', 'produces'), ('fvs', 'developmental delay', 'produces')}"
Succinic-Semialdehyde-Dehydrogenase-Deficiency,"{'anaphora', 'is_acron', 'produces'}","{'anaphora', 'is_acron', 'produces', 'is_a'}",,,
,,,is_a,"{('succinic semialdehyde dehydrogenase deficiency', 'inborn error of metabolism', 'is_a')}",
,,,anaphora,set(),set()
,,,is_acron,"{('ssadh', 'succinic semialdehyde dehydrogenase deficiency', 'is_acron')}","{('ssadh deficiency', 'succinic semialdehyde dehydrogenase deficiency', 'is_acron')}"
,,,produces,"{('""the disorder""', 'accumulation of the compound succinic semialdehyde', 'produces'), ('""the disorder""', 'elevated levels of ghb in the csf', 'produces'), ('""the disorder""', 'elevated levels of ghb in the urine', 'produces'), ('""the disorder""', 'reduced or converted to 4-hydroxybutyric acid', 'produces')}","{('ssadh deficiency', 'abnormal accumulation of the compound succinic semialdehyde', 'produces'), ('ssadh deficiency', '4-hydroxybutyric aciduria', 'produces'), ('ssadh deficiency', 'elevated levels of ghb in the plasma', 'produces'), ('ssadh deficiency', 'elevated levels of ghb in the csf', 'produces'), ('succinic semialdehyde dehydrogenase deficiency', 'inborn error of metabolism', 'produces'), ('ssadh deficiency', 'succinic semialdehyde is reduced or converted to 4-hydroxybutyric acid also known as ghb', 'produces'), ('ssadh deficiency', 'gamma-hydroxybutyric aciduria', 'produces'), ('ssadh deficiency', 'elevated levels of ghb in the urine', 'produces'), ('""the disorder""', 'disrupts the metabolism of gamma-aminobutyric acid', 'produces')}"
AP,{'produces'},"{'anaphora', 'produces'}",,,
,,,anaphora,"{('ap-4-hsp', '""the disorder""', 'anaphora'), ('ap-4-hsp', '""it""', 'anaphora')}",
,,,produces,"{('ap-4-hsp', 'seizures', 'produces'), ('ap-4-hsp', 'spasticity', 'produces'), ('ap-4-hsp', 'developmental delay / intellectual disability', 'produces')}","{('ap-4-associated hsp', 'spasticity', 'produces'), ('ap-4-associated hsp', 'seizures', 'produces'), ('ap-4-associated hsp', 'developmental delay', 'produces'), ('ap-4-associated hsp', 'intellectual disability', 'produces')}"
Chromosome-10-Distal-Trisomy-10q,"{'anaphora', 'is_a'}","{'anaphora', 'is_a'}",,,
,,,anaphora,set(),set()
,,,is_a,set(),set()
Cystic-Fibrosis,"{'anaphora', 'is_acron', 'produces'}","{'anaphora', 'is_acron'}",,,
,,,anaphora,"{('cftr a diagnosis of cystic fibrosis', '""the disease""', 'anaphora')}","{('cystic fibrosis', '""the disease""', 'anaphora')}"
,,,is_acron,"{('cfr', 'cystic fibrosis', 'is_acron')}","{('cf', 'cystic fibrosis', 'is_acron')}"
,,,produces,set(),"{('cystic fibrosis', 'pulmonary disease', 'produces'), ('cystic fibrosis', 'pancreatic insufficiency', 'produces')}"
Laband-Syndrome,"{'anaphora', 'produces', 'is_a', 'is_synon'}","{'anaphora', 'produces', 'is_a'}",,,
,,,anaphora,set(),"{('overgrown gums', 'dysplastic nails at birth', 'anaphora')}"
,,,produces,"{('laband syndrome', 'gingival fibromatosis', 'produces'), ('laband syndrome', 'overgrowth of teeth', 'produces'), ('laband syndrome', 'abnormalities of the hands and feet', 'produces'), ('laband syndrome', 'mental retardation', 'produces'), ('laband syndrome', 'dysplastic nails', 'produces'), ('""this disorder""', 'malformation or absence of the nails', 'produces'), ('laband syndrome', 'gums thick', 'produces'), ('laband syndrome', 'overgrown gums', 'produces')}","{('""the disorder""', 'malformation or absence of the nails', 'produces'), ('""this disorder""', 'gingival fibromatosis', 'produces'), ('""this disorder""', 'absent nails at birth', 'produces'), ('laband syndrome', 'gingival fibromatosis when the primary teeth appear', 'produces'), ('""this disorder""', 'mental retardation', 'produces'), ('laband syndrome', 'abnormalities of the hands', 'produces'), ('""this disorder""', 'abnormally long, thin fingers', 'produces'), ('""this disorder""', 'abnormally long, thin toes', 'produces'), ('""this disorder""', 'dysplastic nails at birth', 'produces'), ('laband syndrome', 'abnormalities of the feet', 'produces'), ('""this disorder""', 'overgrown gums', 'produces')}"
,,,is_a,set(),set()
,,,is_synon,set(),"{('zimmerman-laband syndrome', 'laband syndrome', 'is_synon')}"
Dup15q-Syndrome,{'increases_risk_of'},{'anaphora'},,,
,,,anaphora,"{('dup15q', '""the disorder""', 'anaphora'), ('dup15q', '""it""', 'anaphora')}",
,,,increases_risk_of,set(),"{('asd', 'dup15q', 'increases_risk_of')}"
Baller,"{'produces', 'is_acron', 'is_a'}","{'anaphora', 'produces', 'is_a'}",,,
,,,anaphora,"{('baller-gerold syndrome', '""it""', 'anaphora')}",
,,,produces,"{('""it""', 'distinctive malformations of the skull, facial (craniofacial) area and bones of the forearms and hands', 'produces')}","{('bgs', 'distinctive misshaped appearance of the bones of the forearms and hands', 'produces'), ('bgs', 'distinctive misshaped appearance of the facial (craniofacial) area', 'produces'), ('bgs', 'distinctive misshaped appearance of the skull', 'produces')}"
,,,is_acron,set(),"{('bgs', 'baller-gerold syndrome', 'is_acron')}"
,,,is_a,set(),set()
Myopathy-Congenital-Batten-Turner-Type,"{'anaphora', 'produces', 'is_a'}","{'anaphora', 'produces', 'is_a'}",,,
,,,anaphora,"{('batten turner type congenital myopathy', '""the disease""', 'anaphora')}","{('batten turner type congenital myopathy', '""this disease""', 'anaphora')}"
,,,produces,"{('""this disorder""', 'floppiness', 'produces'), ('batten turner type congenital myopathy', 'floppiness at birth', 'produces'), ('""this disorder""', 'slow, progressive loss of muscle tone', 'produces'), ('""this disorder""', 'hypotonia', 'produces'), ('""this disorder""', 'prone to stumbling', 'produces'), ('""this disorder""', 'weakness', 'produces'), ('""this disorder""', 'mild muscle weakness', 'produces'), ('""this disorder""', 'predisposition to fall', 'produces')}","{('batten turner type congenital myopathy', 'important developmental milestones slightly delayed', 'produces'), ('batten turner type congenital myopathy', 'adults mild muscle weakness', 'produces'), ('batten turner type congenital myopathy', 'in a newborn hypotonia', 'produces'), ('batten turner type congenital myopathy', 'motor skills slightly delayed', 'produces'), ('""this disorder""', 'toddlers mild muscle weakness', 'produces'), ('batten turner type congenital myopathy', 'in a newborn general weakness', 'produces'), ('""this disorder""', 'toddlers prone to falling', 'produces'), ('""this disorder""', 'toddlers stumbling', 'produces'), ('batten turner type congenital myopathy', 'in a newborn slow, progressive loss of muscle tone', 'produces')}"
,,,is_a,"{('batten turner type congenital myopathy', 'inherited muscle disease', 'is_a')}","{('myopathy', 'inherited muscle disease', 'is_a'), ('batten turner type congenital myopathy', 'myopathy', 'is_a')}"
Protein-S-Deficiency,{'anaphora'},{'anaphora'},,,
,,,anaphora,"{('pros1 protein s deficiency', '""the disorder""', 'anaphora')}","{('protein s deficiency', '""the disorder""', 'anaphora')}"
Binder-Type-Nasomaxillary-Dysplasia,{'is_a'},"{'anaphora', 'is_a'}",,,
,,,anaphora,"{('binder type nasomaxillary dysplasia', '""the disorder""', 'anaphora'), ('binder type nasomaxillary dysplasia', '""it""', 'anaphora')}",
,,,is_a,set(),set()
Ichthyosis-Lamellar,"{'anaphora', 'produces', 'is_a'}","{'anaphora', 'produces', 'is_a'}",,,
,,,anaphora,"{('lamellar ichthyosis', '""this""', 'anaphora')}",set()
,,,produces,"{('lamellar ichthyosis', 'skin cells are produced at a normal rate', 'produces')}",set()
,,,is_a,set(),set()
Leukodystrophy,"{'produces', 'is_a'}","{'anaphora', 'produces', 'is_a'}",,,
,,,anaphora,"{('leukodystrophies', '""the disease""', 'anaphora'), ('peripheral neuropathy', '""these disorders""', 'anaphora'), ('leukodystrophies', '""these disorders""', 'anaphora')}",
,,,produces,"{('leukodystrophies', 'neurological problems', 'produces'), ('leukodystrophies', 'burning paresthesia from peripheral neuropathy', 'produces'), ('leukodystrophies', 'abnormal development or destruction of the myelin sheath', 'produces'), ('leukodystrophies', 'myelin sheath is destroyed', 'produces')}","{('leukodystrophies', 'burning paresthesia', 'produces'), ('leukodystrophies', 'peripheral neuropathy', 'produces'), ('leukodystrophies', 'neuropathic pain', 'produces'), ('leukodystrophies', 'seizures', 'produces'), ('leukodystrophy', 'abnormal development or destruction of the white matter (myelin sheath) of the brain', 'produces')}"
,,,is_a,set(),set()
Creutzfeldt-Jakob-Disease,"{'increases_risk_of', 'is_synon', 'is_acron', 'produces', 'is_a', 'anaphora'}","{'anaphora', 'is_acron', 'produces', 'is_a'}",,,
,,,increases_risk_of,set(),"{('""the disease""', 'pneumonia', 'increases_risk_of')}"
,,,is_synon,set(),"{('spongiform encephalopathy', 'creutzfeldt-jakob disease', 'is_synon')}"
,,,is_acron,set(),set()
,,,produces,"{('""the disease""', 'neurological symptoms', 'produces'), ('""the disease""', 'impaired coordination', 'produces'), ('creutzfeldt-jakob disease', 'myoclonus', 'produces'), ('""the disease""', 'spongiform encephalopathy', 'produces'), ('creutzfeldt-jakob disease', 'dementia', 'produces'), ('creutzfeldt-jakob disease', 'neuromuscular abnormalities', 'produces'), ('""the disease""', 'pneumonia', 'produces'), ('""the disease""', 'behavioral changes', 'produces'), ('creutzfeldt-jakob disease', 'neurological symptoms', 'produces'), ('""the disease""', 'increased susceptibility to repeated infections', 'produces'), ('creutzfeldt-jakob disease', 'spongiform encephalopathy', 'produces'), ('""the disease""', 'depression', 'produces'), ('creutzfeldt-jakob disease', 'wasting', 'produces'), ('""the disease""', 'progressive deterioration of cognitive processes', 'produces'), ('creutzfeldt-jakob disease', 'muscle weakness', 'produces'), ('""the disease""', 'impaired vision', 'produces'), ('creutzfeldt-jakob disease', 'coma', 'produces'), ('creutzfeldt-jakob disease', 'athetosis', 'produces')}","{('creutzfeldt-jakob disease', 'rapidly progressive neurological symptoms', 'produces'), ('""the disease""', 'infections of the respiratory tract', 'produces'), ('creutzfeldt-jakob disease', 'rapidly progressive neuromuscular symptoms', 'produces'), ('""the disease""', 'athetosis', 'produces'), ('""the disease""', 'wasting', 'produces'), ('""the disease""', 'personality disintegration', 'produces'), ('""the disease""', 'restlessness', 'produces'), ('""the disease""', 'neuromuscular abnormalities', 'produces'), ('""the disease""', 'loss of physical and intellectual functions', 'produces'), ('""the disease""', 'impairment of memory control', 'produces'), ('""the disease""', 'myoclonus', 'produces'), ('""the disease""', 'agitation', 'produces'), ('""the disease""', 'muscle weakness', 'produces'), ('""the disease""', 'disorientation', 'produces')}"
,,,is_a,set(),set()
,,,anaphora,set(),"{('creutzfeldt-jakob disease', '""the disease""', 'anaphora')}"
Subacute-Sclerosing-Panencephalitis,"{'increases_risk_of', 'is_acron', 'produces', 'is_a', 'anaphora'}","{'anaphora', 'produces', 'is_a'}",,,
,,,increases_risk_of,set(),"{('memory loss', 'neurological deterioration', 'increases_risk_of'), ('measles', '""the disease""', 'increases_risk_of')}"
,,,is_acron,set(),"{('sspe', 'subacute sclerosing panencephalitis', 'is_acron')}"
,,,produces,"{('subacute sclerosing panencephalitis', 'behavioral changes', 'produces'), ('subacute sclerosing panencephalitis', 'involuntary muscle movements', 'produces'), ('subacute sclerosing panencephalitis', 'irritability', 'produces'), ('subacute sclerosing panencephalitis', 'neurological deterioration', 'produces'), ('subacute sclerosing panencephalitis', 'seizures', 'produces'), ('subacute sclerosing panencephalitis', 'memory loss', 'produces')}","{('sspe', 'behavioral changes', 'produces'), ('sspe', 'irritability', 'produces'), ('sspe', 'memory loss', 'produces'), ('sspe', 'involuntary muscle movements', 'produces'), ('sspe', 'seizures', 'produces'), ('sspe', 'neurological deterioration', 'produces')}"
,,,is_a,"{('subacute sclerosing panencephalitis', 'progressive neurological disorder', 'is_a')}","{('subacute sclerosing panencephalitis', 'neurological disorder', 'is_a')}"
,,,anaphora,set(),set()
Waldenstrom_s-Macroglobulinemia,"{'anaphora', 'produces', 'is_a', 'is_acron'}","{'increases_risk_of', 'is_acron', 'produces', 'is_a', 'anaphora'}",,,
,,,increases_risk_of,"{('b lymphocytes', ""waldenstrom's macroglobulinemia"", 'increases_risk_of')}",
,,,anaphora,"{(""waldenstrom's macroglobulinemia"", '""the disorder""', 'anaphora')}","{('wmg', '""this disorder""', 'anaphora')}"
,,,produces,"{('""the disorder""', 'enlarged liver', 'produces'), ('""the disorder""', 'blurring of vision', 'produces'), ('""the disorder""', 'spleen', 'produces'), ('""the disorder""', 'peripheral neuropathy', 'produces'), (""waldenstrom's macroglobulinemia"", 'bleeding', 'produces'), (""waldenstrom's macroglobulinemia"", 'abnormally large numbers of b lymphocytes', 'produces'), (""waldenstrom's macroglobulinemia"", 'large numbers of b lymphocytes', 'produces'), ('""this disorder""', 'changes in blood flow', 'produces'), (""waldenstrom's macroglobulinemia"", 'thickened (viscous) blood', 'produces'), (""waldenstrom's macroglobulinemia"", 'blood', 'produces'), (""waldenstrom's macroglobulinemia"", 'thick blood vessels', 'produces'), (""waldenstrom's macroglobulinemia"", 'hyperviscosity', 'produces')}","{(""waldenstrom's macroglobulinemia"", 'changes in blood flow through the blood vessels that serve the retina', 'produces'), (""waldenstrom's macroglobulinemia"", 'fatigue', 'produces'), (""waldenstrom's macroglobulinemia"", 'excessive quantities of igm', 'produces'), ('""the disorder""', 'bleeding in the nose', 'produces'), (""waldenstrom's macroglobulinemia"", 'viscous blood', 'produces'), (""waldenstrom's macroglobulinemia"", 'abnormally large numbers of a particular kind of white blood cell known as b lymphocytes', 'produces'), (""waldenstrom's macroglobulinemia"", 'loss of energy', 'produces'), ('""the disorder""', 'bleeding in the gums', 'produces'), (""waldenstrom's macroglobulinemia"", 'enlarged lymph nodes', 'produces'), ('wmg', 'low platelet counts', 'produces'), ('peripheral neuropathy', 'tingling in the fingers and toes', 'produces'), ('""the disorder""', 'small blood vessels tear', 'produces'), ('""the disorder""', 'large amounts of igm', 'produces'), ('wmg', 'bleeding of the retina', 'produces'), ('wmg', 'low red blood cell', 'produces'), (""waldenstrom's macroglobulinemia"", 'bleeding from the nose', 'produces'), ('""the disorder""', 'blood to become thick', 'produces'), ('""the disorder""', 'bleeding in the retina', 'produces'), (""waldenstrom's macroglobulinemia"", 'vision impairment', 'produces'), (""waldenstrom's macroglobulinemia"", 'bleeding from the gums', 'produces'), (""waldenstrom's macroglobulinemia"", 'enlarged liver', 'produces'), (""waldenstrom's macroglobulinemia"", 'blurring', 'produces'), (""waldenstrom's macroglobulinemia"", 'enlarged spleen', 'produces')}"
,,,is_a,"{(""waldenstrom's macroglobulinemia"", 'malignant disorder of the bone marrow', 'is_a')}","{(""waldenstrom's macroglobulinemia"", 'malignant disorder of the bone marrow and lymphatic tissues', 'is_a'), (""waldenstrom's macroglobulinemia"", 'lymphoma', 'is_a')}"
,,,is_acron,set(),set()
Hyperferritinemia-Cataract-Syndrome,"{'anaphora', 'produces'}","{'anaphora', 'produces'}",,,
,,,anaphora,set(),"{('hyperferritinemia-cataract syndrome', '""it""', 'anaphora')}"
,,,produces,"{('hyperferritinemia-cataract syndrome', 'cataracts', 'produces')}","{('hyperferritinemia-cataract syndrome', 'elevated levels of ferritin in the blood plasma', 'produces')}"
West-Syndrome,{'produces'},"{'anaphora', 'produces', 'is_a'}",,,
,,,anaphora,"{('west syndrome', '""it""', 'anaphora'), ('west syndrome', '""these spasms""', 'anaphora'), ('west syndrome', '""these symptoms""', 'anaphora')}",
,,,is_a,"{('west syndrome', '""it""', 'is_a')}",
,,,produces,"{('""it""', 'epileptic spasms', 'produces'), ('""it""', 'eye changes', 'produces'), ('""it""', 'infantile spasms', 'produces'), ('""it""', 'twitching of the shoulder', 'produces')}","{('west syndrome', 'eye changes', 'produces'), ('west syndrome', 'spasms', 'produces'), ('west syndrome', 'epileptic spasms', 'produces'), ('west syndrome', 'mild twitching of the shoulder', 'produces'), ('west syndrome', 'hypsarrhythmia', 'produces'), ('west syndrome', '""salaam"" movements', 'produces'), ('west syndrome', 'abnormal brain wave patterns', 'produces'), ('west syndrome', 'infantile spasms', 'produces'), ('west syndrome', 'intellectual disability', 'produces'), ('west syndrome', 'violent jackknife', 'produces')}"
Alagille-Syndrome,"{'anaphora', 'produces', 'is_a', 'is_acron'}","{'anaphora', 'is_acron', 'produces', 'is_a'}",,,
,,,anaphora,set(),set()
,,,produces,"{('alagille syndrome', 'severe itching', 'produces'), ('alagille syndrome', 'poor weight gain', 'produces'), ('alagille syndrome', 'heart murmurs', 'produces'), ('""the disorder""', 'heart defects', 'produces'), ('""the disorder""', 'severe itching', 'produces'), ('alagille syndrome', 'distinctive facial features', 'produces'), ('alagille syndrome', 'cholestasis', 'produces'), ('alagille syndrome', 'pruritis', 'produces'), ('alagille syndrome', 'congenital heart defects', 'produces'), ('alagille syndrome', 'posterior embryotoxon', 'produces'), ('""the disorder""', 'vertebral (back bone) differences', 'produces'), ('alagille syndrome', 'vertebral (back bone) differences', 'produces'), ('alagille syndrome', 'jaundice', 'produces'), ('alagille syndrome', 'thickening of the ring that normally lines the cornea in the eye', 'produces')}","{('""the disorder""', 'heart murmurs', 'produces'), ('""the disorder""', 'thickening of posterior embryotoxon', 'produces'), ('""the disorder""', 'vertebral differences', 'produces'), ('""the disorder""', 'distinctive facial features', 'produces'), ('""the disorder""', 'pale, loose stools', 'produces'), ('""the disorder""', 'poor growth', 'produces'), ('""the disorder""', 'congenital heart defects', 'produces'), ('""the disorder""', 'pruritis', 'produces')}"
,,,is_a,set(),set()
,,,is_acron,"{('omim', 'alagille syndrome', 'is_acron')}","{('algs', 'alagille syndrome', 'is_acron')}"
Elephantiasis,{'produces'},{'produces'},,,
,,,produces,"{('elephantiasis', 'gross enlargement of an area of the body', 'produces'), ('elephantiasis', 'lymphedema', 'produces'), ('elephantiasis', 'accumulation of lymph', 'produces')}","{('elephantiasis', 'accumulation of a fluid called lymph in the affected areas', 'produces'), ('elephantiasis', 'gross enlargement of an area of the body, especially the limbs', 'produces')}"
Jejunal-Atresia,"{'anaphora', 'produces', 'is_a'}","{'anaphora', 'produces', 'is_a'}",,,
,,,anaphora,"{('jejunal atresia', '""the disease""', 'anaphora'), ('normal child', '""the normal gene""', 'anaphora')}","{('jejunal atresia', '""it""', 'anaphora')}"
,,,produces,"{('""this disorder""', 'partial absence of the fold of the stomach membrane', 'produces'), ('""this disorder""', 'constipation. the term ""the disorder"" refers back to the entity jejunal atresia', 'produces')}","{('""this disorder""', 'partial absence of the fold of the stomach membrane that connects the small intestine to the back wall of the abdomen', 'produces'), ('""this disorder""', 'the jejunal twists around the marginal arter', 'produces'), ('""this disorder""', 'constipation', 'produces')}"
,,,is_a,set(),set()
Carnosinemia,"{'anaphora', 'produces', 'is_a'}","{'anaphora', 'produces', 'is_a'}",,,
,,,anaphora,set(),"{('carnosinemia', '""this condition""', 'anaphora')}"
,,,produces,"{('""this condition""', 'seizures', 'produces'), ('carnosinemia', 'muscle weakness', 'produces'), ('""this condition""', 'carnosinemia', 'produces'), ('""this condition""', 'anserine in the serum', 'produces'), ('carnosinemia', 'myoclonus', 'produces'), ('""this condition""', 'carnosinemia in the urine', 'produces'), ('""this condition""', 'low activity of carnosinase', 'produces'), ('carnosinemia', 'motor delays', 'produces'), ('carnosinemia', 'delayed intellectual development', 'produces'), ('""this condition""', 'myoclonus', 'produces'), ('carnosinemia', 'involuntary jerking muscle movements of the arms', 'produces'), ('carnosinemia', 'intellectual disabilities', 'produces'), ('""this condition""', 'eeg normal', 'produces')}","{('carnosinemia', 'intellectual disability', 'produces'), ('developmental delays', 'developmental regression', 'produces'), ('developmental delays', 'myoclonic seizures.', 'produces'), ('developmental delays', 'congenital myopathy', 'produces'), ('carnosinemia', 'very low activity of the enzyme carnosinase in the blood', 'produces'), ('developmental delays', 'delayed intellectual development', 'produces'), ('carnosinemia', 'abnormally high levels of carnosine and anserine in the serum and urine', 'produces'), ('developmental delays', '""this disorder""', 'produces'), ('carnosinemia', 'myoclonic seizures', 'produces'), ('developmental delays', 'seizures', 'produces'), ('developmental delays', 'intellectual deficit', 'produces'), ('developmental delays', 'intellectual disabilities', 'produces'), ('carnosinemia', 'drowsiness', 'produces'), ('developmental delays', 'very low activity of the enzyme carnosinase in the blood', 'produces')}"
,,,is_a,set(),set()
Mikulicz-Syndrome,"{'anaphora', 'is_acron', 'increases_risk_of', 'produces'}","{'increases_risk_of', 'is_synon', 'produces', 'is_a', 'anaphora'}",,,
,,,is_synon,"{('sjogren syndrome', 'lupus', 'is_synon')}",
,,,is_a,"{('mikulicz syndrome', 'chronic condition', 'is_a')}",
,,,anaphora,set(),set()
,,,is_acron,set(),"{('sle', 'lupus', 'is_acron')}"
,,,increases_risk_of,"{('tuberculosis', '""the disorder""', 'increases_risk_of'), ('leukemia', '""the disorder""', 'increases_risk_of'), (""hodgkin's disease"", '""the disorder""', 'increases_risk_of'), ('sjogren syndrome', '""the disorder""', 'increases_risk_of'), ('syphilis', '""the disorder""', 'increases_risk_of')}","{('mikulicz syndrome', 'lymphomas', 'increases_risk_of')}"
,,,produces,"{('mikulicz syndrome', 'parotid glands', 'produces'), ('""the disorder""', 'lacrimal glands', 'produces'), ('mikulicz syndrome', 'tooth loss', 'produces'), ('mikulicz syndrome', 'soft, painless swellings (salivary glands) of the mouth', 'produces'), ('mikulicz syndrome', 'glands in the mouth', 'produces'), ('""the disorder""', 'enlargement of glands in the head and neck', 'produces'), ('mikulicz syndrome', 'enlarged glands in the neck', 'produces'), ('""the disorder""', 'salivary glands', 'produces'), ('""the disorder""', 'parotids', 'produces'), ('mikulicz syndrome produces lymphomas. mikulicz syndrome', 'xerostomia', 'produces')}","{('mikulicz syndrome', 'enlargement of glands in the parotids', 'produces'), ('mikulicz syndrome', 'enlargement of glands in the head and neck', 'produces'), ('mikulicz syndrome', 'tooth decay', 'produces'), ('mikulicz syndrome', 'enlargement of glands lacrimal', 'produces'), ('mikulicz syndrome', 'xerostomia', 'produces'), ('mikulicz syndrome', 'enlargement of glands salivary', 'produces'), ('mikulicz syndrome', 'tumefactions of the salivary glands', 'produces'), ('mikulicz syndrome', 'leading to absent or decreased tears', 'produces'), ('mikulicz syndrome', 'enlarged parotid glands', 'produces'), ('mikulicz syndrome', 'enlarged lacrimal glands', 'produces'), ('mikulicz syndrome', 'glands submaxillary swollen', 'produces')}"
Hypoparathyroidism,set(),set(),,,
Pseudoachondroplasia,set(),set(),,,
Chromosome-14-Ring,"{'anaphora', 'produces', 'is_a'}","{'anaphora', 'produces'}",,,
,,,anaphora,set(),set()
,,,produces,"{('chromosome 14 ring', 'thin upper lip', 'produces'), ('""the disorder""', 'mental retardation', 'produces'), ('""the disorder""', 'growth delays', 'produces'), ('chromosome 14 ring', 'flat nasal bridge', 'produces'), ('chromosome 14 ring', 'prominent nasal tip', 'produces'), ('chromosome 14 ring', 'large, low-set ears', 'produces'), ('""the disorder""', 'psychomotor delays', 'produces'), ('chromosome 14 ring', 'microcephaly', 'produces'), ('chromosome 14 ring', 'high forehead', 'produces'), ('""the disorder""', 'episodes of uncontrolled electrical activity in the brain', 'produces'), ('chromosome 14 ring', 'ocular hypertelorism', 'produces')}","{('""the disorder""', 'elongated face', 'produces'), ('chromosome 14 ring', 'psychomotor delays', 'produces'), ('chromosome 14 ring', 'mental retardation', 'produces'), ('chromosome 14 ring', 'seizures', 'produces'), ('chromosome 14 ring', 'growth delays', 'produces')}"
,,,is_a,set(),"{('chromosomal disorders', 'chromosomal disorder', 'is_a')}"
Ewing-Sarcoma,"{'anaphora', 'is_acron', 'is_a'}","{'anaphora', 'is_acron', 'is_a'}",,,
,,,anaphora,"{('ewing sarcoma of bone', '""these tumors""', 'anaphora')}","{('ewing family of tumors', '""these tumors""', 'anaphora'), ('primitive neuroectodermal tumor', '""these tumors""', 'anaphora'), ('ewing family of tumors', '""this family""', 'anaphora')}"
,,,is_acron,"{('eft', 'ewing sarcoma of bone', 'is_acron')}","{('eft', 'ewing family of tumors', 'is_acron'), ('pnet', 'primitive neuroectodermal tumor', 'is_acron')}"
,,,is_a,"{('ewing sarcoma of bone', '""this family of tumors""', 'is_a'), ('primitive neuroectodermal tumor', 'tumor', 'is_a'), ('ewing sarcoma of bone', 'aggressive cancer', 'is_a')}","{('ewing sarcoma', '""this family""', 'is_a'), ('ewing sarcoma', 'aggressive cancer', 'is_a'), ('extraosseous ewing sarcoma', 'ewing sarcoma', 'is_a'), ('primitive neuroectodermal tumor', 'ewing sarcoma', 'is_a'), (""askin's tumor"", 'ewing sarcoma', 'is_a'), ('extraosseous ewing sarcoma', '""it""', 'is_a'), ('""these tumors""', 'ewing family of tumors', 'is_a')}"
Hypoplastic-Left-Heart-Syndrome,"{'anaphora', 'is_a'}","{'anaphora', 'is_acron', 'produces', 'is_a'}",,,
,,,is_acron,"{('hlhs', 'hypoplastic left heart syndrome', 'is_acron')}",
,,,produces,"{('""this disorder""', 'blood is returning to the heart through pulmonary artery', 'produces'), ('congenital heart defects', 'four chambers of the heart defects', 'produces'), ('congenital heart defects', 'blood is returning to the heart through aorta', 'produces'), ('congenital heart defects', 'valves', 'produces'), ('congenital heart defects', 'two lower chambers', 'produces'), ('congenital heart defects', 'ventricles', 'produces')}",
,,,anaphora,set(),"{('hypoplastic left heart syndrome', '""the disorder""', 'anaphora')}"
,,,is_a,"{('hlhs', 'congenital heart defects', 'is_a')}",set()
Fetal-Hydantoin-Syndrome,{'anaphora'},{'anaphora'},,,
,,,anaphora,"{('fetal hydantoin syndrome', '""it""', 'anaphora')}",set()
Arthritis-Infectious,"{'anaphora', 'produces'}","{'anaphora', 'increases_risk_of', 'produces'}",,,
,,,increases_risk_of,"{('mumps', '""the infection""', 'increases_risk_of'), ('hepatitis b', '""the infection""', 'increases_risk_of'), ('rheumatoid arthritis', '""the infection""', 'increases_risk_of'), ('rheumatoid arthritis', '""the disorder""', 'increases_risk_of')}",
,,,anaphora,"{('infectious arthritis', '""the disorder""', 'anaphora'), ('infectious arthritis', '""the disease""', 'anaphora'), ('infectious arthritis', '""it""', 'anaphora')}","{('headaches', '""the disorder""', 'anaphora')}"
,,,produces,"{('""the infection""', 'painful swelling of one or more joints', 'produces'), ('""the infection""', 'weakness', 'produces'), ('""the infection""', 'inflammation of one or more joints of the body', 'produces')}","{('hepatitis b', 'hepatitis', 'produces'), ('""the infection""', 'general weakness', 'produces'), ('""the infection""', 'inflammation and painful swelling of one or more joints of the body', 'produces'), ('headaches', 'arthritis', 'produces'), ('arthritis', 'rheumatoid arthritis', 'produces')}"
Townes-Brocks-Syndrome,"{'anaphora', 'produces', 'is_a', 'is_acron'}","{'anaphora', 'produces', 'is_a'}",,,
,,,anaphora,"{('townes-brocks syndrome', '""it""', 'anaphora'), ('townes-brocks syndrome', '""the condition""', 'anaphora')}","{('townes-brock syndrome', '""this condition""', 'anaphora')}"
,,,produces,"{('townes-brocks syndrome', 'short third toe', 'produces'), ('townes-brocks syndrome', 'triphalangeal thumbs', 'produces'), ('townes-brocks syndrome', 'flat feet', 'produces'), ('townes-brocks syndrome', 'duplicated thumbs', 'produces'), ('townes-brocks syndrome', 'overlapping toes', 'produces')}","{('tbs', 'conductive hearing loss', 'produces'), ('tbs', 'thumb malformations', 'produces'), ('tbs', 'folded rim of skin and cartilage around the outer ear', 'produces'), ('townes-brocks syndrome', 'kidney anomalies', 'produces'), ('tbs', 'flat feet', 'produces'), ('townes-brocks syndrome', 'horseshoe kidney', 'produces'), ('tbs', 'overlapping toes', 'produces'), ('tbs', 'imperforate anus', 'produces'), ('tbs', 'short third toe', 'produces'), ('townes-brocks syndrome', 'polycystic kidneys', 'produces'), ('tbs', 'preaxial polydactyly', 'produces'), ('townes-brocks syndrome', 'displaced or rotated kidneys', 'produces'), ('tbs', 'small ears', 'produces'), ('townes-brocks syndrome', 'kidney malformations', 'produces'), ('townes-brocks syndrome', 'kidney dysfunction', 'produces'), ('townes-brocks syndrome', 'mental retardation', 'produces'), ('tbs', 'feet anomalies', 'produces'), ('tbs', 'congenital sensorineural', 'produces'), ('tbs', 'triphalangeal thumbs', 'produces')}"
,,,is_a,set(),set()
,,,is_acron,set(),"{('tbs', 'townes-brocks syndrome', 'is_acron')}"
Turner-Syndrome,{'anaphora'},{'anaphora'},,,
,,,anaphora,"{('turner syndrome', '""it""', 'anaphora')}",set()
Cornelia-de-Lange-Syndrome,"{'increases_risk_of', 'is_acron', 'produces', 'is_a', 'anaphora'}","{'anaphora', 'produces', 'is_a'}",,,
,,,increases_risk_of,set(),"{('cdls', 'respiratory infections', 'increases_risk_of')}"
,,,is_acron,set(),"{('cdls)', 'cornelia de lange syndrome', 'is_acron')}"
,,,produces,"{('cornelia de lange syndrome', 'clinodactyly', 'produces'), ('""the disorder""', 'malformations of the hands', 'produces'), ('cornelia de lange syndrome', 'micrognathia', 'produces'), ('""the disorder""', 'characteristic abnormalities of the head and facial (craniofacial) area', 'produces'), ('cornelia de lange syndrome', 'microbrachycephaly', 'produces'), ('cornelia de lange syndrome', 'anteverted nares', 'produces'), ('""the disorder""', 'mild to severe intellectual disability', 'produces'), ('cornelia de lange syndrome', 'philtrum', 'produces'), ('cornelia de lange syndrome', 'small hands', 'produces'), ('cornelia de lange syndrome', 'breathing difficulties', 'produces'), ('cornelia de lange syndrome', 'small feet', 'produces'), ('""the disorder""', 'postnatal growth retardation', 'produces'), ('""the disorder""', 'malformations of the arms', 'produces'), ('cornelia de lange syndrome', 'syndactyly', 'produces'), ('cornelia de lange syndrome', 'low hairline on the forehead and the back of the neck', 'produces'), ('cornelia de lange syndrome', 'feeding difficulties', 'produces'), ('""the disorder""', 'prenatal growth retardation', 'produces'), ('cornelia de lange syndrome', 'prominent vertical groove between the upper lip and nose', 'produces'), ('""the disorder""', 'distinctive facial appearance', 'produces'), ('cornelia de lange syndrome', 'flattened nasal bridge', 'produces'), ('cornelia de lange syndrome', 'distinctive malformations of the limbs', 'produces')}","{('cdls', 'delayed skeletal maturation', 'produces'), ('cdls', 'physical abnormalities', 'produces'), ('cdls', 'absence of the forearms, hands, and fingers', 'produces'), ('""the disorder""', 'micrognathia', 'produces'), ('""the disorder""', 'microbrachycephaly', 'produces'), ('""the disorder""', 'thin, downturned lips', 'produces'), ('cdls', 'hearing loss', 'produces'), ('""the disorder""', 'synophrys', 'produces'), ('cdls', 'heart defects', 'produces'), ('cdls', 'small hands', 'produces'), ('""the disorder""', 'anteverted nares', 'produces'), ('cornelia de lange syndrome', 'postnatal growth retardation', 'produces'), ('cdls', 'breathing difficulties', 'produces'), ('""the disorder""', 'low-set ears', 'produces'), ('""the disorder""', 'characteristic facial abnormalities', 'produces'), ('""the disorder""', 'maxillary prognathism', 'produces'), ('cornelia de lange syndrome', 'malformations of the upper limbs', 'produces'), ('cdls', 'small feet', 'produces'), ('""the disorder""', 'low hairline on the forehead and the back of the neck', 'produces'), ('""the disorder""', 'prominent vertical philtrum', 'produces'), ('cornelia de lange syndrome', 'abnormalities of the head and facial (craniofacial) area', 'produces'), ('cdls', 'syndactyly', 'produces'), ('cdls)', 'prenatal growth retardation', 'produces'), ('cdls', 'feeding difficulties', 'produces'), ('cdls', 'low-pitched ""growling"" cry and low voice', 'produces'), ('""the disorder""', 'curly, unusually long eyelashes', 'produces'), ('""the disorder""', 'depressed nasal bridge', 'produces'), ('cdls', 'malformations of the limbs', 'produces'), ('cornelia de lange syndrome', 'intellectual disability', 'produces'), ('cornelia de lange syndrome', 'distinctive facial appearance', 'produces'), ('cdls', 'clinodactyly', 'produces')}"
,,,is_a,set(),set()
,,,anaphora,"{('cdls', '""it""', 'anaphora')}",set()
Cat-Eye-Syndrome,"{'produces', 'anaphora', 'is_acron', 'is_a'}","{'anaphora', 'produces', 'is_a'}",,,
,,,produces,"{('""this syndrome""', 'elongated pupil', 'produces'), ('""this syndrome""', 'cleft or gap in the iris below the pupil', 'produces')}","{('cat eye syndrome', 'elongated pupil', 'produces'), ('cat eye syndrome', 'gap in the iris below the pupil', 'produces'), ('cat eye syndrome', 'coloboma', 'produces'), ('cat eye syndrome', ""appearance of a cat's eye"", 'produces'), ('cat eye syndrome', 'eye abnormality', 'produces')}"
,,,anaphora,"{('cat eye syndrome', '""the disorder""', 'anaphora'), ('cat eye syndrome', '""this defect""', 'anaphora')}",set()
,,,is_acron,set(),"{('ces', 'cat eye syndrome', 'is_acron')}"
,,,is_a,"{('ces', '""the disorder""', 'is_a'), ('""this syndrome""', '""the disorder""', 'is_a')}",set()
Buerger_s-Disease,"{'anaphora', 'produces', 'is_synon'}","{'anaphora', 'produces', 'is_a'}",,,
,,,is_a,"{(""buerger's disease"", 'vascular disorder', 'is_a')}",
,,,anaphora,set(),set()
,,,produces,"{(""buerger's disease"", 'clotting of certain veins', 'produces'), (""buerger's disease"", 'pain of the lower arms and legs', 'produces'), (""buerger's disease"", 'ulceration', 'produces'), (""buerger's disease"", 'thrombosis', 'produces'), (""buerger's disease"", 'peripheral vascular disease', 'produces'), (""buerger's disease"", 'tissue death', 'produces'), (""buerger's disease"", 'claudication', 'produces'), (""buerger's disease"", 'inflammation', 'produces'), (""buerger's disease"", 'occlusion of the veins and arteries of the extremities', 'produces'), (""buerger's disease"", 'cramping in the legs', 'produces')}","{('""it""', 'extreme pain of the legs', 'produces'), ('""it""', 'extreme pain of the lower arms while at rest', 'produces'), ('""it""', 'narrowing or blockage (occlusion) of the veins and arteries of the extremities', 'produces'), (""buerger's disease"", 'ulcers on the extremities', 'produces'), ('""it""', 'cramping in the legs when they walk', 'produces'), ('""it""', 'claudication', 'produces'), ('""it""', 'peripheral vascular disease', 'produces')}"
,,,is_synon,set(),"{('thromboangiitis obliterans', ""buerger's disease"", 'is_synon')}"
Human-Monocytic-Ehrlichiosis-(HME),"{'produces', 'anaphora', 'is_acron', 'is_a'}","{'anaphora', 'is_a'}",,,
,,,produces,set(),"{('sennetsu fever', 'fever', 'produces')}"
,,,anaphora,"{('human monocytic ehrlichiosis', '""these diseases""', 'anaphora'), ('hme', '""the diseases""', 'anaphora'), ('sennetsu fever', '""the disorders""', 'anaphora'), ('human monocytic ehrlichiosis', '""the disorders""', 'anaphora')}","{('human ehrlichioses', '""these diseases""', 'anaphora'), ('human ehrlichioses', '""the disorders""', 'anaphora')}"
,,,is_acron,set(),"{('hme', 'human monocytic ehrlichiosis', 'is_acron')}"
,,,is_a,"{('sennetsu fever', 'infectious disease', 'is_a')}","{('human monocytic ehrlichiosis', 'human ehrlichioses', 'is_a'), ('sennetsu fever', 'human ehrlichioses', 'is_a'), ('human granulocytic ehrlichiosis', 'human ehrlichioses', 'is_a')}"
Pycnodysostosis,{'anaphora'},{'anaphora'},,,
,,,anaphora,set(),set()
Empty-Sella-Syndrome,"{'is_synon', 'anaphora', 'increases_risk_of', 'produces'}","{'anaphora', 'produces', 'is_synon'}",,,
,,,is_synon,"{('pseudotumor cerebri', '""it""', 'is_synon')}","{('hormone deficiencies', 'completely filled with cerebrospinal fluid with no visualized pituitary gland', 'is_synon')}"
,,,anaphora,"{('empty sella syndrome', '""it""', 'anaphora')}",set()
,,,increases_risk_of,set(),"{('idiopathic intracranial hypertension', '""it""', 'increases_risk_of'), ('empty sella syndrome', '""it""', 'increases_risk_of'), ('pituitary tumor', '""it""', 'increases_risk_of')}"
,,,produces,"{('empty sella syndrome', 'pituitary gland in the floor of the sella', 'produces'), ('empty sella syndrome', 'completely empty sella', 'produces'), ('empty sella syndrome', 'enlargement or malformation of a structure in the skull', 'produces'), ('empty sella syndrome', 'partial empty sella', 'produces'), ('empty sella syndrome', 'sella turcica is a type of saddle-shaped depression', 'produces')}","{('primary empty sella syndrome', 'hypertension', 'produces'), ('empty sella syndrome', 'hormone deficiencies', 'produces'), ('empty sella syndrome', 'enlargement or malformation of sella turcica', 'produces'), ('partially empty sella', 'very small associated pituitary gland lying in the floor of the sella', 'produces'), ('idiopathic intracranial hypertension', 'elevated intracranial', 'produces'), ('completely empty sella', 'completely filled with cerebrospinal fluid with no visualized pituitary gland', 'produces'), ('partially empty sella', 'sella turcica is either partially filled with cerebrospinal fluid', 'produces')}"
Agenesis-of-Corpus-Callosum,"{'anaphora', 'is_acron', 'increases_risk_of', 'produces'}","{'anaphora', 'produces', 'is_a'}",,,
,,,is_a,"{('""it""', '""this disorder""', 'is_a')}",
,,,anaphora,set(),"{('acc', '""this disorder""', 'anaphora'), ('spina bifida', '""this disorder""', 'anaphora')}"
,,,is_acron,set(),"{('acc', 'acc', 'is_acron')}"
,,,increases_risk_of,set(),"{('fetal alcohol syndrome', 'acc', 'increases_risk_of')}"
,,,produces,"{('""it""', 'mental retardation', 'produces'), ('agenesis of corpus callosum', 'partial or complete absence (agenesis) of an area of the brain that is usually composed of transverse fibers', 'produces'), ('""it""', 'intrauterine development disturbance of the fetal brain', 'produces'), ('agenesis of corpus callosum', 'mental retardation', 'produces')}","{('spina bifida', 'meningomyelocele', 'produces'), ('fetal alcohol syndrome', 'mental retardation', 'produces'), ('spina bifida', 'meningocele', 'produces'), ('""it""', 'partial or complete absence (agenesis) of an area of the brain that connects the two cerebral hemispheres', 'produces'), ('spina bifida', 'open (or non-fused) spine', 'produces'), ('""it""', 'developmental disturbance of the fetal brain', 'produces')}"
Barakat-Syndrome,"{'anaphora', 'produces'}","{'anaphora', 'produces'}",,,
,,,anaphora,set(),"{('barakat syndrome', '""the syndrome""', 'anaphora')}"
,,,produces,"{('hypocalcemia', 'convulsions', 'produces'), ('hypocalcemia', 'proteinuria', 'produces'), ('hypocalcemia', 'hematuria', 'produces'), ('hypocalcemia', 'low blood calcium', 'produces'), ('hypocalcemia', 'muscle weakness', 'produces'), ('hypocalcemia', 'nephrotic syndrome', 'produces'), ('hypocalcemia', 'tetany', 'produces')}","{('progressive sensorineural deafness', 'deafness', 'produces'), ('nephrotic syndrome', 'deletion 22q11 syndrome', 'produces'), ('nephrotic syndrome', 'proteinuria', 'produces'), ('nephrotic syndrome', 'hypocalcemia', 'produces'), ('nephrotic syndrome', 'kidney disease', 'produces'), ('nephrotic syndrome', 'hematuria', 'produces'), ('nephrotic syndrome', 'muscle weakness', 'produces'), ('nephrotic syndrome', 'nephrotic syndrome', 'produces'), ('nephrotic syndrome', 'renal insufficiency', 'produces')}"
Kienbock-Disease,"{'produces', 'is_a'}","{'anaphora', 'produces', 'is_a'}",,,
,,,anaphora,"{('kienbock disease', '""it""', 'anaphora'), ('kienbock disease', '""the disease""', 'anaphora')}",
,,,produces,"{('""the disease""', 'inflammation of the wrists', 'produces'), ('""the disease""', 'tenderness', 'produces'), ('""the disease""', 'injury of the wrists', 'produces'), ('""the disease""', 'thickening and / or stiffness in the overlying tissues of the wrist', 'produces'), ('kienbock disease', 'recurrent pain in conjunction with stiffness in the wrist', 'produces'), ('""the disease""', 'kienbock disease', 'produces'), ('""the disease""', 'pain', 'produces'), ('""the disease""', 'swelling', 'produces'), ('kienbock disease', 'thickening and / or stiffness in the overlying tissues of the wrist', 'produces'), ('""the disease""', 'softening, deterioration, fragmentation or compression of the affected bone', 'produces')}","{('kienbock disease', 'negative ulnar variance', 'produces'), ('kienbock disease', 'recurrent pain', 'produces'), ('kienbock disease', 'range of motion may become restricted', 'produces'), ('kienbock disease', 'stiffness', 'produces'), ('kienbock disease', 'thickening', 'produces'), ('kienbock disease', 'degenerative changes in the lunate bone of the wrist', 'produces')}"
,,,is_a,set(),set()
Alport-Syndrome,"{'anaphora', 'increases_risk_of'}","{'anaphora', 'is_a'}",,,
,,,is_a,"{('alport syndrome', 'chronic kidney disease', 'is_a')}",
,,,anaphora,set(),set()
,,,increases_risk_of,set(),"{('chronic kidney disease', 'alport syndrome', 'increases_risk_of'), ('end-stage renal disease', 'alport syndrome', 'increases_risk_of')}"
Acanthosis-Nigricans,"{'increases_risk_of', 'is_acron', 'produces', 'is_a', 'anaphora'}","{'increases_risk_of', 'is_acron', 'produces', 'is_a', 'anaphora'}",,,
,,,increases_risk_of,"{('tumor', '""it""', 'increases_risk_of'), ('cancer', '""it""', 'increases_risk_of')}","{('obesity', '""the disorder""', 'increases_risk_of')}"
,,,is_acron,"{('""it""', 'acanthosis nigricans', 'is_acron')}","{('an', 'acanthosis nigricans', 'is_acron')}"
,,,produces,"{('acanthosis nigricans', 'hyperpigmentation', 'produces'), ('""it""', 'hyperkeratosis of the skin', 'produces'), ('""it""', 'obesity', 'produces'), ('""it""', 'acanthosis nigricans', 'produces')}","{('acanthosis nigricans', 'hyperpigmentation of the skin', 'produces')}"
,,,is_a,set(),set()
,,,anaphora,"{('acanthosis nigricans', '""the disorder""', 'anaphora')}","{('an', '""the disorder""', 'anaphora')}"
Schindler-disease,"{'anaphora', 'produces', 'is_a', 'is_synon'}","{'anaphora', 'produces', 'is_a'}",,,
,,,anaphora,set(),"{('schindler disease type i', '""type i""', 'anaphora'), ('schindler disease type ii', '""type ii""', 'anaphora'), ('lysosomal storage diseases', '""these disorders""', 'anaphora')}"
,,,produces,"{('schindler disease', 'glycosphingolipids', 'produces'), ('schindler disease', 'accumulation of certain complex compounds', 'produces'), ('schindler disease', 'glycoproteins', 'produces'), ('schindler disease', 'oligosaccharides', 'produces')}","{('schindler disease', 'abnormal accumulation of glycosphingolipids, glycoproteins, and oligosaccharides', 'produces')}"
,,,is_a,"{('type i schindler disease', 'schindler disease', 'is_a'), ('type ii schindler disease', 'schindler disease', 'is_a')}","{('fabry diseases', 'lysosomal storage diseases', 'is_a'), ('schindler disease', 'lysosomal storage diseases', 'is_a'), ('gaucher diseases', 'lysosomal storage diseases', 'is_a'), ('alpha-n-acetylgalactosaminidase deficiency', '""these disorders""', 'is_a')}"
,,,is_synon,set(),"{('alpha-n-acetylgalactosaminidase deficiency', 'schindler disease', 'is_synon')}"
Mandibuloacral-Dysplasia,{'anaphora'},{'anaphora'},,,
,,,anaphora,set(),set()
Classic-Infantile-CLN1-Disease,set(),set(),,,
Retroperitoneal-Fibrosis,"{'anaphora', 'produces', 'is_a'}","{'produces', 'is_synon', 'anaphora', 'is_a'}",,,
,,,is_synon,"{('idiopathic', 'drug-induced cases of retroperitoneal fibrosis', 'is_synon')}",
,,,anaphora,set(),set()
,,,produces,"{('retroperitoneal fibrosis', 'fibrosis', 'produces')}","{('retroperitoneal fibrosis', 'abnormal tissue growth often spreads to affect the ureters', 'produces'), ('retroperitoneal fibrosis', 'ureters blocked by the excess tissue', 'produces'), ('retroperitoneal fibrosis', 'methysergide', 'produces'), ('retroperitoneal fibrosis', 'fibrosis behind the peritoneum', 'produces'), ('malignant tumors', 'methysergide', 'produces'), ('retroperitoneal fibrosis', 'tissue growth', 'produces')}"
,,,is_a,set(),set()
Antiphospholipid-Syndrome,"{'increases_risk_of', 'is_synon', 'is_acron', 'produces', 'is_a'}","{'increases_risk_of', 'is_acron', 'produces', 'is_a', 'anaphora'}",,,
,,,anaphora,"{('aps', '""it""', 'anaphora')}",
,,,increases_risk_of,"{('autoimmune disorder', 'aps', 'increases_risk_of'), ('systemic lupus erythematosus', 'aps', 'increases_risk_of')}","{('aps', 'aps', 'increases_risk_of')}"
,,,is_synon,set(),"{('systemic lupus erythematosus', 'secondary antiphospholipid syndrome', 'is_synon')}"
,,,is_acron,"{('aps', 'primary antiphospholipid syndrome', 'is_acron')}","{('secondary antiphospholipid syndrome', 'antiphospholipid syndrome', 'is_acron')}"
,,,produces,"{('aps', 'thromboses', 'produces'), ('aps', 'blood clots', 'produces'), ('aps', 'organ system dysfunctions', 'produces')}","{('antiphospholipid syndrome', 'thromboses', 'produces')}"
,,,is_a,"{('aps', 'autoimmune disorder', 'is_a')}","{('antiphospholipid syndrome', 'autoimmune disorder', 'is_a'), ('primary antiphospholipid syndrome', 'aps', 'is_a'), ('secondary antiphospholipid syndrome', 'aps', 'is_a')}"
Floating-Harbor-Syndrome,{'anaphora'},{'anaphora'},,,
,,,anaphora,"{('floating-harbor syndrome', '""these individuals""', 'anaphora')}",set()
Melorheostosis,{'produces'},set(),,,
,,,produces,set(),"{('melorheostosis', 'sclerotic bone lesions', 'produces')}"
Monilethrix,"{'anaphora', 'produces', 'is_a'}","{'anaphora', 'produces', 'is_a'}",,,
,,,anaphora,set(),set()
,,,produces,"{('monilethrix produces hair shaft resembling a string of evenly-spaced beads. monilethrix produces hair shafts resemble a string of evenly-spaced beads. monilethrix', 'papules surrounding the hair follicles', 'produces'), ('monilethrix', 'hair loss', 'produces'), ('monilethrix', 'hair may break before reaching more than a few inches in length', 'produces'), ('monilethrix', 'sparse, dry, and / or brittle hair', 'produces'), ('monilethrix', 'papules surrounding the hair follicles', 'produces')}","{('monilethrix', 'hair shaft resembles a string of evenly-spaced beads', 'produces'), ('monilethrix', 'sparse, dry, and/or brittle hair', 'produces'), ('monilethrix', 'papules', 'produces'), ('monilethrix', 'hair may lack luster', 'produces')}"
,,,is_a,set(),set()
Fibrous-Dysplasia,{'anaphora'},{'anaphora'},,,
,,,anaphora,"{('fibrous dysplasia', '""the monostotic form""', 'anaphora')}",set()
Meige-Syndrome,"{'anaphora', 'produces', 'is_a'}","{'anaphora', 'produces', 'is_a'}",,,
,,,anaphora,set(),set()
,,,produces,"{('meige syndrome', 'involuntary muscle contractions of the tongue', 'produces'), ('meige syndrome', 'involuntary muscle contractions of the jaw', 'produces')}","{('meige syndrome', 'oromandibular dystonia', 'produces')}"
,,,is_a,set(),set()
VACTERL-Association,set(),set(),,,
Pseudocholinesterase-Deficiency,"{'anaphora', 'produces', 'is_a', 'is_synon'}","{'anaphora', 'is_acron', 'produces', 'is_a'}",,,
,,,is_acron,"{('""it""', 'pseudocholinesterase deficiency', 'is_acron')}",
,,,anaphora,"{('pseudocholinesterase deficiency', '""the disorder""', 'anaphora'), ('pseudocholinesterase deficiency', '""the drug""', 'anaphora')}","{('pseudocholinesterase deficiency', '""it""', 'anaphora'), ('obstructive apnea', '""the disorder""', 'anaphora')}"
,,,produces,"{('pseudocholinesterase deficiency', 'apnea', 'produces'), ('pseudocholinesterase deficiency', 'absence of the enzyme pseudocholinesterase in their blood serum', 'produces'), ('pseudocholinesterase deficiency', 'hypersensitivity to any of several anesthetics', 'produces'), ('""the drug""', 'diaphragmatic apnea', 'produces'), ('""the drug""', 'central apnea', 'produces'), ('""the drug""', 'apnea', 'produces'), ('""the drug""', 'upper airway apnea', 'produces'), ('pseudocholinesterase deficiency', 'excess anesthetic agent succinylcholine', 'produces'), ('pseudocholinesterase deficiency', 'respiratory muscles paralyzed', 'produces'), ('pseudocholinesterase deficiency', 'mivacurium', 'produces'), ('pseudocholinesterase deficiency', 'mechanical ventilation is essential', 'produces')}","{('pseudocholinesterase deficiency', 'if anesthetic derivative of choline given apnea', 'produces'), ('central apnea', 'no chest movements during the pauses in breathing', 'produces'), ('""it""', 'apnea', 'produces'), ('pseudocholinesterase deficiency', 'very sensitive to derived from choline', 'produces'), ('infantile apnea', ""pauses in breathing during an infant's sleep"", 'produces'), ('pseudocholinesterase deficiency', 'when anesthetic drugs administered muscles that work the lungs may become paralyzed', 'produces'), ('pseudocholinesterase deficiency', 'very sensitive to any of several anesthetic agents', 'produces'), ('""the disorder""', 'chest movements but no passage of air through the mouth or nostrils', 'produces'), ('mixed apnea', 'central apnea followed by or intermixed with an obstructive apnea', 'produces'), ('infantile apnea', 'apnea', 'produces'), ('pseudocholinesterase deficiency', 'shortage or absence of the enzyme pseudocholinesterase in their blood serum', 'produces'), ('pseudocholinesterase deficiency', 'deficiency of the enzyme pseudocholinesterase', 'produces')}"
,,,is_a,set(),set()
,,,is_synon,set(),"{('diaphragmatic apnea', 'central apnea', 'is_synon'), ('upper airway apnea', 'obstructive apnea', 'is_synon')}"
Ovotesticular-Disorder-of-Sex-Development,"{'is_acron', 'produces', 'is_a'}","{'anaphora', 'produces', 'is_a'}",,,
,,,anaphora,"{('ovotesticular disorder of sex development', '""the disorder of sex development""', 'anaphora'), ('ovotesticular disorder of sex development', '""it""', 'anaphora')}",
,,,is_acron,set(),"{('ovotesticular dsd', 'ovotesticular disorder of sex development', 'is_acron')}"
,,,produces,"{('""it""', 'male testes', 'produces'), ('""it""', 'female gonads', 'produces')}","{('ovotesticular disorder of sex development', 'born with female ovaries and male testes', 'produces'), ('ovotesticular disorder of sex development', 'gonads can be any combination of ovary, testes or combined ovary and testes (ovotestes)', 'produces')}"
,,,is_a,"{('ovotesticular dsd', '""it""', 'is_a')}","{('ovotesticular dsd', 'disorder of sex development', 'is_a')}"
Balo-Disease,{'produces'},"{'anaphora', 'produces', 'is_a'}",,,
,,,anaphora,"{('balo disease', '""the disease""', 'anaphora'), ('balo disease', '""the disorder""', 'anaphora'), ('balo disease', '""it""', 'anaphora'), ('ms', '""type of ms""', 'anaphora'), ('ms', '""the more common type""', 'anaphora')}",
,,,is_a,"{('balo disease', 'autoimmune disorders', 'is_a')}",
,,,produces,"{('balo disease produces painful head aches. balo disease', 'high fever', 'produces'), ('balo disease produces paralysis. balo disease', 'intellectual impairment', 'produces'), ('ms', 'gradual onset of symptoms', 'produces'), ('balo disease', 'fever', 'produces'), ('balo disease', 'spastic paraplegia', 'produces'), ('balo disease', 'neurological symptoms', 'produces'), ('balo disease', 'painful legs', 'produces')}","{('balo disease', 'spasticity', 'produces'), ('ms', 'muscle spasms', 'produces'), ('balo disease', 'intellectual impairment', 'produces'), ('ms', 'paralysis', 'produces'), ('balo disease', 'high fever', 'produces'), ('balo disease', 'painful headaches', 'produces'), ('infectious disease', 'high fever', 'produces'), ('infectious disease', 'painful headaches', 'produces'), ('balo disease', 'paralysis', 'produces')}"
Argininie_-Glycine-Amidinotransferase-Deficiency,{'produces'},set(),,,
,,,produces,set(),"{('ccds', 'agat', 'produces'), ('agat', 'intellectual disabilities', 'produces'), ('agat', 'seizure', 'produces'), ('agat', 'delayed speech', 'produces'), ('ccds', 'autism', 'produces')}"