doc_name,gold_rels,pred_rels,rel_type,fp_prediction,fn_prediction
1,"{'produces', 'is_a'}","{'produces', 'is_a'}",,,
,,,produces,set(),set()
,,,is_a,set(),set()
2,"{'produces', 'increases_risk_of', 'anaphora', 'is_acron'}",{'anaphora'},,,
,,,produces,set(),"{('disease hepatitis c', 'sign hepatitis', 'produces')}"
,,,increases_risk_of,set(),"{('disease hepatitis c', 'raredisease mixed cryoglobulinemia', 'increases_risk_of')}"
,,,anaphora,"{('raredisease mixed cryoglobulinemia', 'anaphor ""the disorder""', 'anaphora')}","{('disease cryoglobulinemia', 'anaphor ""the disorder""', 'anaphora')}"
,,,is_acron,set(),"{('disease hcv', 'disease hepatitis c', 'is_acron')}"
3,"{'produces', 'anaphora', 'is_a'}",{'anaphora'},,,
,,,produces,set(),"{('disease non-rhythmic tinnitus', 'symptom tinnitus', 'produces'), ('disease rhythmic tinnitus', 'symptom tinnitus', 'produces')}"
,,,anaphora,"{('raredisease tinnitus', 'anaphor ""it""', 'anaphora'), ('raredisease rhythmic tinnitus', 'anaphor ""it""', 'anaphora')}","{('disease tinnitus', 'anaphor ""it""', 'anaphora')}"
,,,is_a,set(),"{('disease rhythmic tinnitus', 'disease tinnitus', 'is_a'), ('disease non-rhythmic tinnitus', 'disease tinnitus', 'is_a')}"
4,{'anaphora'},{'anaphora'},,,
,,,anaphora,set(),set()
5,"{'produces', 'is_acron'}","{'produces', '', 'anaphora', 'is_a'}",,,
,,,,"{('raredisease avm', 'sign pressure in the arteries, even if somewhat reduced,', '')}",
,,,anaphora,"{('raredisease brain avms', 'anaphor ""they""', 'anaphora')}",
,,,is_a,"{('raredisease brain avms', 'disease vascular lesion', 'is_a')}",
,,,produces,"{('raredisease avm', 'sign high flow rates in the vessels leading to and within the avm', 'produces'), ('raredisease brain avms', 'sign no capillary bed', 'produces'), ('raredisease brain avms', 'sign one or more direct connections between the arterial and venous circulations', 'produces'), ('raredisease brain avms', 'sign tangle of vessels', 'produces'), ('raredisease avms', 'sign fistulas', 'produces'), ('raredisease brain avms', 'sign lesion', 'produces'), ('raredisease avm', 'sign low pressure in the arteries leading to the avm', 'produces')}","{('raredisease avm', 'sign high flow rates in the vessels', 'produces'), ('raredisease arteriovenous malformation', 'raredisease avm', 'produces'), ('raredisease avm', 'sign low resistance of the direct a-v connections', 'produces'), ('raredisease avm', 'sign lower the pressure in the arteries', 'produces'), ('raredisease avms', 'sign blood traveling through the abnormal fistulous connections to flow rapidly', 'produces'), ('raredisease avm', 'sign stroke', 'produces'), ('raredisease avm', 'sign direct a-v connections', 'produces'), ('raredisease avm', 'sign high flow rates', 'produces'), ('raredisease arteriovenous malformation', 'sign lesion', 'produces'), ('raredisease avms', 'sign lack of capillaries', 'produces')}"
,,,is_acron,set(),"{('raredisease avm', 'raredisease arteriovenous malformation', 'is_acron')}"
6,{'anaphora'},{'anaphora'},,,
,,,anaphora,set(),set()
7,"{'produces', 'anaphora', 'is_a', 'is_synon'}","{'produces', 'anaphora', 'is_a', 'is_acron'}",,,
,,,is_acron,"{('raredisease mucolipidosis type iii', 'raredisease pseudo-hurler polydystrophy', 'is_acron')}",
,,,produces,"{('raredisease pseudo-hurler polydystrophy', 'sign decreased enzyme levels in cultured connective tissue cells (fibroblasts)', 'produces'), ('anaphor ""this disorder""', 'sign deterioration of the hip joints', 'produces'), ('raredisease pseudo-hurler polydystrophy', 'sign accumulation of mucopolysaccharides', 'produces'), ('raredisease pseudo-hurler polydystrophy', 'sign accumulation of mucolipids', 'produces'), ('anaphor ""this disorder""', 'sign growth delays', 'produces'), ('raredisease pseudo-hurler polydystrophy', 'sign defective enzyme upd-n-acetylglucosamine-1-phosphotransferase', 'produces')}","{('anaphor ""this disorder""', 'sign claw-hands', 'produces'), ('raredisease pseudo-hurler polydystrophy', 'sign growth delays', 'produces'), ('raredisease pseudo-hurler polydystrophy', 'sign defective upd-n-acetylglucosamine-1-phosphotransferase', 'produces'), ('raredisease pseudo-hurler polydystrophy', 'sign decreased enzyme levels in fibroblasts', 'produces'), ('raredisease pseudo-hurler polydystrophy', 'sign accumulation of mucopolysaccharides and mucolipids', 'produces'), ('raredisease pseudo-hurler polydystrophy', 'sign deterioration of the hip joints', 'produces')}"
,,,anaphora,set(),set()
,,,is_a,set(),set()
,,,is_synon,set(),"{('raredisease mucolipidosis type ii', 'raredisease i-cell disease', 'is_synon'), ('raredisease mucolipidosis type iii', 'raredisease pseudo-hurler polydystrophy', 'is_synon')}"
8,"{'produces', 'anaphora'}","{'produces', 'anaphora'}",,,
,,,produces,"{('anaphor ""the disorder""', 'sign salt wasting', 'produces')}","{('raredisease gitelman syndrome', 'sign lower blood pressures', 'produces')}"
,,,anaphora,"{('raredisease gitelman syndrome', 'anaphor ""the disease""', 'anaphora'), ('raredisease gitelman syndrome', 'anaphor ""these disorders""', 'anaphora')}",set()
9,{'anaphora'},{'anaphora'},,,
,,,anaphora,set(),set()
10,"{'produces', 'is_a', 'is_acron'}","{'produces', 'is_a', 'is_acron'}",,,
,,,produces,"{('raredisease c3g', 'sign dense deposits', 'produces'), ('raredisease ddd', ""sign dense'sausage-like' deposits in the glomerular basement membrane"", 'produces')}","{('raredisease dense deposit disease', ""sign dense'sausage-like' deposits in the glomerular basement membrane"", 'produces'), ('raredisease dense deposit disease', 'sign abundance of a protein called c3 in the renal glomeruli', 'produces')}"
,,,is_a,"{('raredisease ddd', 'disease c3 glomerulonephritis', 'is_a'), ('raredisease ddd', 'disease c3 glomerulopathy', 'is_a')}",set()
,,,is_acron,"{('raredisease c3g', 'raredisease c3 glomerulonephritis', 'is_acron')}","{('raredisease c3gn', 'raredisease c3 glomerulonephritis', 'is_acron'), ('raredisease c3g', 'raredisease c3 glomerulopathy', 'is_acron')}"
11,{'produces'},{'produces'},,,
,,,produces,"{('skinraredisease ttd', 'sign tiger-tail pattern', 'produces'), ('skinraredisease ttd', 'sign bone anomalies', 'produces'), ('skinraredisease ttd', 'sign teeth anomalies', 'produces')}","{('skinraredisease ttd', 'sign hair shafts tiger-tail pattern', 'produces'), ('skinraredisease ttd', 'sign hair shaft abnormalities', 'produces'), ('skinraredisease ttd', 'sign abnormal patterns of myelination', 'produces'), ('skinraredisease ttd', 'sign bone and teeth anomalies', 'produces')}"
12,"{'produces', 'increases_risk_of', 'anaphora', 'is_a'}","{'produces', 'anaphora', 'is_a'}",,,
,,,produces,"{('raredisease alpers disease', 'sign liver cirrhosis', 'produces'), ('raredisease alpers disease', 'sign hypotonia', 'produces'), ('raredisease alpers disease', 'sign limbs stiff', 'produces'), ('raredisease alpers disease', 'sign liver disease', 'produces'), ('raredisease alpers disease', 'sign increased density of the grey matter in the brain', 'produces')}","{('anaphor ""it""', 'sign hypotonia', 'produces'), ('raredisease alpers disease', 'sign blind', 'produces'), ('raredisease alpers disease', 'sign liver cirrhotic', 'produces'), ('raredisease alpers disease', 'sign spastic quadriplegia', 'produces'), ('anaphor ""it""', 'sign lack of coordination of motor movement', 'produces')}"
,,,increases_risk_of,set(),"{('raredisease alpers disease', 'disease serious liver disease', 'increases_risk_of')}"
,,,anaphora,set(),set()
,,,is_a,"{('raredisease alpers disease', 'disease progressive neurologic disorder', 'is_a')}","{('raredisease alpers disease', 'sign mental retardation', 'is_a')}"
13,"{'produces', 'anaphora'}","{'anaphora', 'is_a'}",,,
,,,is_a,"{('raredisease sca10', 'raredisease hereditary ataxia', 'is_a'), ('raredisease sca3', 'raredisease hereditary ataxia', 'is_a'), ('raredisease drpla', 'raredisease hereditary ataxia', 'is_a')}",
,,,produces,set(),"{('raredisease hereditary ataxia', 'sign ataxias', 'produces'), ('raredisease hereditary ataxia', 'sign ataxia', 'produces')}"
,,,anaphora,"{('raredisease hereditary ataxia', 'anaphor ""they""', 'anaphora'), ('raredisease hereditary ataxia', 'anaphor ""these ataxias""', 'anaphora')}","{('raredisease hereditary ataxia', 'anaphor ""it""', 'anaphora')}"
14,set(),set(),,,
15,"{'increases_risk_of', 'is_synon', 'produces', 'is_a', 'anaphora'}","{'produces', 'anaphora'}",,,
,,,increases_risk_of,set(),"{('skinraredisease ei', 'disease skin infections', 'increases_risk_of')}"
,,,is_synon,set(),"{('skinraredisease curth-macklin', 'skinraredisease ichthyosis hystrix', 'is_synon')}"
,,,produces,"{('skinraredisease ei', 'sign heat intolerance', 'produces'), ('skinraredisease ei', 'sign red, blistering and denuded skin with visible areas of skin thickening', 'produces'), ('skinraredisease ei', 'sign redness of the skin', 'produces'), ('skinraredisease ei', 'sign blistering in areas subject to friction', 'produces'), ('skinraredisease ei', 'sign ichthyosis hystrix', 'produces'), ('skinraredisease ei', 'sign skin infections', 'produces')}","{('skinraredisease palmoplantar keratoderma', 'sign limit hand function', 'produces'), ('skinraredisease ei', 'sign red, blistering and denuded skin', 'produces'), ('skinraredisease palmoplantar keratoderma', 'sign limit ambulation', 'produces'), ('skinraredisease ei', 'sign blistering', 'produces'), ('skinraredisease ichthyosis hystrix', 'sign brown-grey hyperkeratotic spines', 'produces'), ('skinraredisease ei', 'symptom heat intolerance', 'produces')}"
,,,is_a,set(),"{('skinraredisease ichthyosis hystrix', 'skinraredisease ei', 'is_a')}"
,,,anaphora,set(),set()
16,"{'produces', 'anaphora'}","{'produces', 'anaphora'}",,,
,,,produces,"{('raredisease banti syndrome', 'sign hypertension within hepatic or portal veins', 'produces'), ('raredisease banti syndrome', 'sign fighting infection', 'produces'), ('disease cirrhosis', 'sign vascular obstruction of the liver', 'produces'), ('raredisease banti syndrome', 'sign abnormalities present at birth of such veins', 'produces'), ('raredisease banti syndrome', 'sign disorder of the spleen', 'produces'), ('raredisease banti syndrome', 'sign hypertension within splenic veins', 'produces'), ('raredisease banti syndrome', 'sign vascular obstruction of the liver', 'produces'), ('raredisease banti syndrome', 'sign removal and destruction of aged red blood cells', 'produces'), ('raredisease banti syndrome', 'sign spleen rapidly but prematurely destroys blood cells', 'produces')}","{('raredisease banti syndrome', 'sign hypertension splenic veins hepatic or portal veins', 'produces'), ('raredisease banti syndrome', 'sign congenital blood clots', 'produces'), ('raredisease banti syndrome', 'sign cirrhosis', 'produces'), ('raredisease banti syndrome', 'sign obstruction of splenic veins', 'produces'), ('raredisease banti syndrome', 'sign obstruction of hepatic or portal veins', 'produces'), ('raredisease banti syndrome', 'sign vascular obstruction', 'produces'), ('anaphor ""it""', 'sign increased arsenic levels', 'produces')}"
,,,anaphora,set(),set()
17,"{'increases_risk_of', 'anaphora'}",{'anaphora'},,,
,,,increases_risk_of,set(),"{('raredisease bilateral renal agenesis', 'raredisease potter syndrome', 'increases_risk_of')}"
,,,anaphora,set(),set()
18,set(),set(),,,
19,"{'increases_risk_of', 'produces', 'is_a', 'is_acron', 'anaphora'}","{'increases_risk_of', 'produces', 'is_a', 'is_acron', 'anaphora'}",,,
,,,increases_risk_of,"{('disease tuberculosis', 'raredisease tbm', 'increases_risk_of'), ('disease miliary tuberculosis', 'raredisease tbm', 'increases_risk_of')}","{('raredisease miliary tuberculosis', 'raredisease tuberculous meningitis', 'increases_risk_of')}"
,,,produces,"{('raredisease tuberculous meningitis', 'sign meningitis', 'produces')}",set()
,,,is_a,"{('raredisease tbm', 'disease meningitis', 'is_a')}","{('anaphor ""this form of meningitis""', 'disease meningitis', 'is_a'), ('raredisease tuberculous meningitis', 'disease meningitis', 'is_a')}"
,,,is_acron,set(),"{('raredisease tb', 'raredisease tuberculosis', 'is_acron')}"
,,,anaphora,set(),"{('raredisease tbm', 'anaphor ""the infection""', 'anaphora'), ('raredisease tuberculous meningitis', 'anaphor ""it""', 'anaphora'), ('raredisease tuberculous meningitis', 'anaphor ""this form of meningitis""', 'anaphora')}"
20,"{'', 'anaphora', 'is_a', 'is_acron'}","{'anaphora', 'is_a', 'is_acron'}",,,
,,,,set(),"{('anaphor ""it""', 'sign enzyme needed to break down certain very long-chain fatty acids', '')}"
,,,anaphora,"{('raredisease vlcadd', 'anaphor ""the disorder""', 'anaphora')}","{('raredisease vlcad', 'anaphor ""the disorder""', 'anaphora')}"
,,,is_a,"{('raredisease vlcadd', 'disease metabolic diseases', 'is_a'), ('raredisease lcadd', 'disease long-chain acyl-coa dehydrogenase deficiency', 'is_a'), ('raredisease vlcadd', 'disease fatty acid oxidation diseases', 'is_a')}","{('raredisease lcadd', 'raredisease long-chain acyl-coa dehydrogenase deficiency', 'is_a'), ('raredisease vlcadd', 'disease fatty acid oxidation (fod) diseases', 'is_a')}"
,,,is_acron,set(),"{('raredisease lcadd', 'raredisease long-chain acyl-coa dehydrogenase deficiency', 'is_acron')}"
21,"{'produces', 'anaphora', 'is_a', 'is_synon'}","{'produces', 'anaphora', 'is_a'}",,,
,,,produces,"{('raredisease enterobiasis', 'sign severe rectal itching', 'produces')}","{('disease enterobiasis', 'sign severe rectal itching', 'produces')}"
,,,anaphora,"{('raredisease enterobiasis', 'anaphor ""the disorder""', 'anaphora'), ('raredisease pinworm infection', 'anaphor ""the disorder""', 'anaphora')}","{('disease enterobiasis', 'anaphor ""the disorder""', 'anaphora')}"
,,,is_a,"{('raredisease pinworm infection', 'disease contagious, parasitic infestation', 'is_a'), ('raredisease enterobiasis', 'disease contagious, parasitic infestation', 'is_a')}","{('disease enterobiasis', 'disease common, contagious, parasitic infestation', 'is_a')}"
,,,is_synon,set(),"{('disease pinworm infection', 'disease enterobiasis', 'is_synon')}"
22,"{'anaphora', 'is_a'}","{'produces', 'anaphora', 'is_a', 'is_acron'}",,,
,,,produces,"{('skinraredisease lichen sclerosus', 'sign squamous cell carcinoma', 'produces'), ('skinraredisease lichen sclerosus', 'sign skin affected', 'produces')}",
,,,is_acron,"{('skinraredisease balanitis xerotica obliterans', 'skinraredisease lichen sclerosus', 'is_acron')}",
,,,anaphora,"{('skinraredisease lichen sclerosus', 'anaphor ""the disease""', 'anaphora')}","{('skinraredisease balanitis xerotica obliterans', 'anaphor ""the disease""', 'anaphora')}"
,,,is_a,set(),set()
23,"{'produces', 'anaphora'}",{'anaphora'},,,
,,,produces,set(),"{('raredisease very early onset (veo) inflammatory bowel disease', ""sign crohn's disease in children less than 6 years old"", 'produces')}"
,,,anaphora,set(),"{(""raredisease pediatric crohn's disease"", 'anaphor ""it""', 'anaphora')}"
24,"{'produces', 'anaphora', 'is_a'}","{'produces', 'anaphora', 'is_a'}",,,
,,,produces,"{('raredisease alkaptonuria', 'sign progressive arthritis of the large joints', 'produces'), ('raredisease alkaptonuria', 'sign accumulation of homogentisic acid', 'produces'), ('raredisease alkaptonuria', 'sign this change', 'produces'), ('raredisease alkaptonuria', 'sign dark urine', 'produces'), ('raredisease alkaptonuria', 'sign discoloration of the sclera', 'produces'), ('anaphor ""this condition""', 'symptom asymptomatic', 'produces'), ('raredisease alkaptonuria', 'sign urine that turns black when exposed to air', 'produces'), ('raredisease alkaptonuria', 'sign progressive arthritis of the spine', 'produces'), ('raredisease alkaptonuria', 'sign lack of functional levels of an enzyme required to breakdown homogentisic acid', 'produces'), ('raredisease alkaptonuria', 'sign discoloration of the skin overlying cartilage within the body', 'produces'), ('raredisease alkaptonuria', 'sign ochronosis', 'produces')}","{('skinraredisease alkaptonuria', 'sign urine that turns black when exposed to air', 'produces'), ('skinraredisease alkaptonuria', 'symptom asymptomatic during infancy or childhood', 'produces'), ('skinraredisease alkaptonuria', 'sign discoloration of the skin overlying cartilage', 'produces'), ('skinraredisease alkaptonuria', 'sign progressive arthritis of large joints', 'produces'), ('skinraredisease alkaptonuria', 'sign accumulation of homogentisic acid', 'produces'), ('skinraredisease alkaptonuria', 'sign ochronosis', 'produces'), ('skinraredisease alkaptonuria', 'sign progressive arthritis of the spine', 'produces'), ('skinraredisease alkaptonuria', 'sign dark urine', 'produces'), ('skinraredisease alkaptonuria', 'sign sclera discolored', 'produces'), ('skinraredisease alkaptonuria', 'sign lack enough functional levels of an enzyme required to breakdown homogentisic acid', 'produces')}"
,,,anaphora,"{('raredisease alkaptonuria', 'anaphor ""the disorder""', 'anaphora'), ('raredisease alkaptonuria', 'anaphor ""this condition""', 'anaphora')}","{('skinraredisease alkaptonuria', 'anaphor ""it""', 'anaphora'), ('skinraredisease alkaptonuria', 'anaphor ""the disorder""', 'anaphora')}"
,,,is_a,"{('raredisease alkaptonuria', 'disease genetic metabolic disorder', 'is_a')}","{('skinraredisease alkaptonuria', 'disease genetic metabolic disorder', 'is_a')}"
25,"{'produces', 'anaphora', 'is_a', 'is_acron'}","{'produces', 'anaphora', 'is_a'}",,,
,,,produces,"{('raredisease primary lateral sclerosis', 'sign weakness', 'produces'), ('raredisease primary lateral sclerosis', 'sign painless but progressive weakness of the muscles at the base of the brain (bulbar muscles)', 'produces'), ('raredisease primary lateral sclerosis', 'sign painless but progressive weakness of the muscles of the arms', 'produces'), ('raredisease primary lateral sclerosis', 'sign painless but progressive weakness of the muscles of the legs', 'produces')}","{('raredisease primary lateral sclerosis', 'sign progressive weakness of the muscles of the legs', 'produces'), ('raredisease primary lateral sclerosis', 'sign ability to speak impaired', 'produces'), ('raredisease primary lateral sclerosis', 'sign weakness bulbar muscles', 'produces'), ('raredisease primary lateral sclerosis', 'sign stiffness of the muscles of the legs', 'produces'), ('disease motor neuron diseases', 'sign malfunction of the motor neurons', 'produces'), ('raredisease primary lateral sclerosis', 'sign weakness muscles of the face', 'produces'), ('raredisease primary lateral sclerosis', 'sign weakness arms', 'produces')}"
,,,anaphora,set(),set()
,,,is_a,"{('raredisease primary lateral sclerosis', 'disease motor neuron diseases', 'is_a')}","{('raredisease primary lateral sclerosis', 'sign stiffness of joints', 'is_a')}"
,,,is_acron,set(),"{('raredisease primary lateral sclerosis', 'raredisease primary lateral sclerosis', 'is_acron')}"
26,"{'produces', 'anaphora'}","{'produces', 'anaphora'}",,,
,,,produces,"{('raredisease multifocal motor neuropathy', 'sign muscles cramps', 'produces'), ('raredisease multifocal motor neuropathy', 'sign atrophy', 'produces')}","{('raredisease multifocal motor neuropathy', 'sign slowly progressive muscle weakness of the g', 'produces'), ('anaphor ""the disorder""', 'sign atrophy of muscles', 'produces'), ('anaphor ""the disorder""', 'sign muscles cramps', 'produces'), ('anaphor ""the disorder""', 'sign presence of specific autoantibodies that target a specific protein in the body', 'produces'), ('raredisease multifocal motor neuropathy', 'sign slowly progressive muscle weakness of the arms', 'produces'), ('anaphor ""the disorder""', 'sign inflammation', 'produces'), ('anaphor ""the disorder""', 'sign abnormal functioning of the immune system', 'produces')}"
,,,anaphora,set(),set()
27,"{'produces', 'anaphora', 'is_a', 'is_acron'}","{'anaphora', 'is_a', 'is_acron'}",,,
,,,produces,set(),"{('anaphor ""it""', 'sign unbalanced translocation', 'produces'), ('raredisease asps', 'sign painless mass in the leg', 'produces'), ('raredisease asps', 'sign painless mass in the buttock', 'produces')}"
,,,anaphora,set(),"{('raredisease asps', 'anaphor ""the sarcoma""', 'anaphora'), ('raredisease asps', 'anaphor ""this tumor""', 'anaphora')}"
,,,is_a,"{('raredisease asps', 'disease cancers', 'is_a'), ('anaphor ""it""', 'raredisease soft tissue sarcomas', 'is_a')}","{('anaphor ""it""', 'disease soft tissue sarcomas', 'is_a'), ('anaphor ""it""', 'disease sarcomas', 'is_a'), ('disease soft tissue sarcomas', 'disease cancers', 'is_a'), ('anaphor ""the sarcoma""', 'disease sarcoma', 'is_a')}"
,,,is_acron,set(),set()
28,"{'produces', 'anaphora', 'is_a'}","{'produces', 'anaphora', 'is_a'}",,,
,,,produces,set(),set()
,,,anaphora,"{('anaphor ""this disorder""', 'anaphor ""this disorder""', 'anaphora')}",set()
,,,is_a,"{('anaphor ""this disorder""', 'disease blood disorder', 'is_a')}","{('raredisease hereditary nonspherocytic hemolytic anemia', 'disease genetically transmitted blood disorders', 'is_a'), ('raredisease hereditary nonspherocytic hemolytic anemia', 'disease blood disorder', 'is_a')}"
29,{'anaphora'},{'anaphora'},,,
,,,anaphora,"{('raredisease hartnup disease', 'anaphor ""it""', 'anaphora'), ('raredisease slc6a19 hartnup disease', 'anaphor ""the disorder""', 'anaphora')}","{('skinraredisease hartnup disease', 'anaphor ""it""', 'anaphora'), ('skinraredisease hartnup disease', 'anaphor ""the disorder""', 'anaphora')}"
30,"{'anaphora', 'is_a'}",{'anaphora'},,,
,,,anaphora,set(),"{('raredisease soft tissue sarcomas', 'anaphor ""this""', 'anaphora')}"
,,,is_a,set(),"{('raredisease soft tissue sarcomas', 'disease cancers', 'is_a'), ('raredisease soft tissue sarcomas', 'disease tumors', 'is_a')}"
31,"{'anaphora', 'is_a'}","{'produces', 'anaphora', 'is_a'}",,,
,,,produces,"{('raredisease cadasil', 'sign small blood vessels in the brain', 'produces')}",
,,,anaphora,set(),set()
,,,is_a,set(),set()
32,{'is_a'},{'produces'},,,
,,,produces,"{('raredisease berylliosis', 'sign metal poisoning', 'produces'), ('raredisease berylliosis', 'sign toxic effects of beryllium', 'produces')}",
,,,is_a,set(),"{('raredisease berylliosis', 'disease metal poisoning', 'is_a')}"
33,"{'produces', 'anaphora', 'is_a'}","{'produces', 'anaphora', 'is_a'}",,,
,,,produces,"{('raredisease cleidocranial dysplasia', 'sign premature closing of the soft spot on the head', 'produces'), ('raredisease cleidocranial dysplasia', 'sign delayed closure of the space between the bones of the skull', 'produces'), ('raredisease cleidocranial dysplasia', 'sign moderately short stature', 'produces')}","{('raredisease cleidocranial dysplasia', 'sign delayed closure of the fontanels', 'produces'), ('raredisease cleidocranial dysplasia', 'sign premature closing of the coronal', 'produces')}"
,,,anaphora,set(),set()
,,,is_a,set(),set()
34,"{'produces', 'is_acron'}","{'produces', 'is_acron'}",,,
,,,produces,"{('raredisease fas', 'sign physical abnormalities', 'produces'), ('raredisease fas', 'sign learning abnormalities', 'produces'), ('raredisease fas', 'sign mental retardation', 'produces'), ('raredisease fetal alcohol syndrome', 'sign malformations of the skull and facial (craniofacial) region', 'produces'), ('raredisease fetal alcohol syndrome', 'sign prenatal growth retardation', 'produces'), ('raredisease fetal alcohol syndrome', 'sign mental and physical birth defects', 'produces'), ('raredisease fas', 'sign behavioral problems', 'produces'), ('raredisease fetal alcohol syndrome', 'sign physical findings', 'produces'), ('raredisease fetal alcohol syndrome', 'sign brain abnormalities', 'produces'), ('raredisease fetal alcohol syndrome', 'sign postnatal growth retardation', 'produces')}","{('disease fetal alcohol syndrome', 'sign mental and physical birth defects', 'produces'), ('disease fetal alcohol syndrome', 'sign brain abnormalities', 'produces'), ('disease fas', 'sign varying degrees of mental retardation', 'produces'), ('disease fas', 'sign learning abnormalities', 'produces'), ('disease fas', 'sign mental retardation', 'produces'), ('disease fetal alcohol syndrome', 'sign malformations of the skull and facial (craniofacial) region', 'produces'), ('disease fetal alcohol syndrome', 'sign postnatal growth retardation', 'produces'), ('disease fas', 'sign behavioral problems', 'produces'), ('disease fetal alcohol syndrome', 'sign prenatal growth retardation', 'produces')}"
,,,is_acron,"{('raredisease fas', 'raredisease fetal alcohol syndrome', 'is_acron')}","{('disease fas', 'disease fetal alcohol syndrome', 'is_acron')}"
35,"{'is_a', 'is_synon'}","{'produces', 'anaphora', 'is_a'}",,,
,,,produces,"{('raredisease trisomy 9p', 'sign trisomy', 'produces')}",
,,,anaphora,"{('raredisease trisomy 9p', 'anaphor ""the disorder""', 'anaphora')}",
,,,is_a,set(),set()
,,,is_synon,set(),"{(""raredisease edwards's syndrome"", 'raredisease trisomy 18', 'is_synon'), ('raredisease down syndrome', 'raredisease trisomy 21', 'is_synon'), ('raredisease patau syndrome', 'raredisease trisomy 13', 'is_synon')}"
36,"{'produces', 'is_a'}","{'produces', 'is_a'}",,,
,,,produces,"{('raredisease glucose-galactose malabsorption', 'sign glucose absorption', 'produces'), ('raredisease glucose-galactose malabsorption', 'sign watery diarrhea', 'produces'), ('raredisease glucose-galactose malabsorption', 'sign galactose absorption', 'produces')}","{('raredisease ggm', 'sign watery diarrhea', 'produces')}"
,,,is_a,set(),set()
37,"{'produces', 'anaphora', 'is_a'}","{'produces', 'anaphora'}",,,
,,,produces,"{('anaphor ""the chromosomal abnormality""', 'sign intellectual disability', 'produces'), ('anaphor ""the chromosomal abnormality""', 'sign growth retardation', 'produces'), ('anaphor ""the chromosomal abnormality""', 'sign malformations of the skull and facial (craniofacial) region', 'produces'), ('anaphor ""the chromosomal abnormality""', 'sign heart defects', 'produces'), ('anaphor ""the chromosomal abnormality""', 'sign genital abnormalities', 'produces')}","{('raredisease chromosome 9 ring', 'sign moderate to severe intellectual disability', 'produces'), ('raredisease chromosome 9 ring', 'sign heart defects', 'produces'), ('raredisease chromosome 9 ring', 'sign growth retardation', 'produces'), ('raredisease chromosome 9 ring', 'sign genital abnormalities', 'produces'), ('raredisease chromosome 9 ring', 'sign malformations of the skull and facial (craniofacial) region', 'produces')}"
,,,anaphora,"{('raredisease chromosome 9 ring', 'anaphor ""the chromosomal abnormality""', 'anaphora')}",set()
,,,is_a,set(),"{('raredisease chromosome 9 ring', 'disease chromosomal abnormality', 'is_a')}"
38,set(),set(),,,
39,{'produces'},{'produces'},,,
,,,produces,"{('raredisease congenital heart block', 'sign conduction abnormalities', 'produces'), ('raredisease congenital heart block', 'sign complete congenital heart block', 'produces'), ('raredisease congenital heart block', 'sign interference with the transfer of the electrical nerve impulses', 'produces')}",set()
40,"{'increases_risk_of', 'is_a', 'is_acron'}","{'produces', 'increases_risk_of', 'is_a', 'is_acron'}",,,
,,,produces,"{('raredisease primary central nervous system lymphoma', 'sign brain tumors', 'produces')}",
,,,increases_risk_of,"{('disease viral load', 'raredisease primary cns lymphoma', 'increases_risk_of'), ('disease hiv/ aids', 'raredisease primary cns lymphoma', 'increases_risk_of'), ('disease immunosuppression', 'raredisease primary cns lymphoma', 'increases_risk_of'), ('disease low cd4+ cell count', 'raredisease primary cns lymphoma', 'increases_risk_of')}","{('disease aids', 'raredisease primary cns lymphoma', 'increases_risk_of'), ('disease hiv', 'raredisease primary cns lymphoma', 'increases_risk_of')}"
,,,is_a,"{('raredisease pcnsl', 'disease brain tumor', 'is_a')}","{('raredisease primary cns lymphoma', 'disease brain tumor', 'is_a')}"
,,,is_acron,set(),set()
41,"{'anaphora', 'is_a'}","{'anaphora', 'is_a'}",,,
,,,anaphora,set(),set()
,,,is_a,set(),set()
42,"{'produces', 'anaphora', 'is_acron'}","{'produces', 'anaphora'}",,,
,,,produces,"{('anaphor ""this condition""', 'sign absence of reflexes', 'produces'), ('anaphor ""this condition""', 'sign ataxia', 'produces'), ('anaphor ""this condition""', 'symptom pain', 'produces'), ('anaphor ""this condition""', 'sign respiratory insufficiency', 'produces'), ('anaphor ""this condition""', 'sign scoliosis', 'produces'), ('anaphor ""this condition""', 'sign muscle loss (atrophy) of leg muscles', 'produces'), ('anaphor ""this condition""', 'sign mild vision difficulties', 'produces'), ('anaphor ""this condition""', 'sign loss of heat sensitivity', 'produces')}","{('raredisease dss', 'sign atrophy of leg muscles', 'produces'), ('raredisease dss', 'sign ataxia', 'produces'), ('raredisease dss', 'sign respiratory insufficiency', 'produces'), ('raredisease dss', 'sign delayed motor milestones', 'produces'), ('raredisease dss', 'sign scoliosis', 'produces'), ('raredisease dss', 'sign loss of heat sensitivity', 'produces'), ('raredisease dss', 'sign muscle weakness', 'produces'), ('raredisease dss', 'sign mild vision difficulties', 'produces'), ('anaphor ""the condition""', 'sign hand and forearm muscles may become weak', 'produces'), ('raredisease dss', 'sign absence of reflexes', 'produces'), ('raredisease dss', 'symptom pain', 'produces')}"
,,,anaphora,"{('raredisease dss', 'anaphor ""it""', 'anaphora'), ('raredisease dss', 'anaphor ""this condition""', 'anaphora')}","{('raredisease dejerine-sottas syndrome', 'anaphor ""this disorder""', 'anaphora'), ('raredisease dejerine-sottas syndrome', 'anaphor ""it""', 'anaphora'), ('raredisease dss', 'anaphor ""the condition""', 'anaphora')}"
,,,is_acron,set(),"{('raredisease dss', 'raredisease dejerine-sottas syndrome', 'is_acron')}"
43,"{'is_synon', 'produces', 'is_a', 'is_acron', 'anaphora'}","{'produces', 'anaphora', 'is_a', 'is_acron'}",,,
,,,is_synon,set(),"{(""raredisease trevor's disease,"", 'raredisease dysplasia epiphysealis hemimelica', 'is_synon')}"
,,,produces,"{('anaphor ""this condition""', 'sign abnormal growth of cartilage arising from the cartilage of the epiphysis', 'produces'), ('anaphor ""this condition""', 'sign hemimelic', 'produces'), ('anaphor ""it""', 'sign abnormal growth of cartilage arising from the cartilage of the epiphysis', 'produces')}","{('anaphor ""it""', 'sign abnormal growth of cartilage arising from the cartilage of the terminal ends (epiphysis) of the long bones of the lower limbs', 'produces'), ('anaphor ""it""', 'sign abnormal growth of cartilage arising from the cartilage of the terminal ends (epiphysis) of the long bones', 'produces'), ('anaphor ""it""', 'sign abnormal cartilage', 'produces'), ('anaphor ""it""', 'sign irregular nodular mass located either in the medial or lateral part of the bone', 'produces')}"
,,,is_a,"{('raredisease dysplasia epiphysealis hemimelica', 'disease developmental bone disease', 'is_a')}","{('raredisease dysplasia epiphysealis hemimelica', 'disease bone disease', 'is_a')}"
,,,is_acron,set(),set()
,,,anaphora,"{('anaphor ""it""', 'anaphor ""it""', 'anaphora')}","{('raredisease deh', 'anaphor ""this condition""', 'anaphora'), ('raredisease deh', 'anaphor ""this disease""', 'anaphora')}"
44,{'is_a'},"{'anaphora', 'is_a'}",,,
,,,anaphora,"{('raredisease dmd', 'anaphor ""the muscular dystrophies""', 'anaphora')}",
,,,is_a,"{('raredisease dmd', 'disease muscular dystrophy', 'is_a')}","{('raredisease dmd', 'raredisease muscular dystrophy', 'is_a')}"
45,{'anaphora'},{'anaphora'},,,
,,,anaphora,set(),set()
46,{'anaphora'},{'anaphora'},,,
,,,anaphora,"{('raredisease', 'anaphor ""the disorder""', 'anaphora')}","{('raredisease andersen-tawil syndrome', 'anaphor ""the disorder""', 'anaphora')}"
47,{'produces'},"{'produces', 'increases_risk_of'}",,,
,,,increases_risk_of,"{('raredisease fvs', 'disease autism', 'increases_risk_of'), ('raredisease fvs', 'disease developmental delay', 'increases_risk_of'), ('raredisease fvs', 'disease neural tube defects', 'increases_risk_of'), ('raredisease fvs', 'disease cardiovascular abnormalities', 'increases_risk_of'), ('raredisease fvs', 'disease genitourinary defects', 'increases_risk_of'), ('raredisease fvs', 'disease cleft lip and palate', 'increases_risk_of'), ('raredisease fvs', 'disease endocrine disorders', 'increases_risk_of')}",
,,,produces,set(),"{('raredisease fvs', 'sign genitourinary defects', 'produces'), ('raredisease fvs', 'sign cardiovascular abnormalities', 'produces'), ('raredisease fvs', 'sign developmental delay', 'produces'), ('raredisease fvs', 'sign cleft lip and palate', 'produces'), ('raredisease fvs', 'sign endocrine disorders', 'produces'), ('raredisease fvs', 'sign autism', 'produces'), ('raredisease fvs', 'sign neural tube defects', 'produces')}"
48,"{'', 'anaphora', 'is_acron', 'produces'}","{'produces', 'anaphora', 'is_a', 'is_acron'}",,,
,,,is_a,"{('raredisease succinic semialdehyde dehydrogenase deficiency', 'disease inborn error of metabolism', 'is_a')}",
,,,,set(),"{('raredisease ssadh deficiency', 'sign succinic semialdehyde', '')}"
,,,anaphora,set(),set()
,,,is_acron,set(),set()
,,,produces,"{('raredisease ssadh deficiency', 'sign elevated levels of gamma-hydroxybutyric aciduria', 'produces'), ('raredisease ssadh deficiency', 'sign elevated levels of 4-hydroxybutyric acid', 'produces'), ('anaphor ""the disorder""', 'sign ghb', 'produces'), ('anaphor ""the disorder""', 'sign reduced or converted to 4-hydroxybutyric acid', 'produces'), ('anaphor ""the disorder""', 'sign accumulation of the compound succinic semialdehyde', 'produces')}","{('anaphor ""the disorder""', 'sign disrupts the metabolism of gamma-aminobutyric acid', 'produces'), ('raredisease ssadh deficiency', 'sign elevated levels of ghb in the csf', 'produces'), ('raredisease ssadh deficiency', 'sign abnormal accumulation of the compound succinic semialdehyde', 'produces'), ('raredisease ssadh deficiency', 'sign gamma-hydroxybutyric aciduria', 'produces'), ('raredisease succinic semialdehyde dehydrogenase deficiency', 'sign inborn error of metabolism', 'produces'), ('raredisease ssadh deficiency', 'sign elevated levels of ghb in the plasma', 'produces'), ('raredisease ssadh deficiency', 'sign 4-hydroxybutyric aciduria', 'produces')}"
49,{'produces'},{'produces'},,,
,,,produces,"{('disease cerebral palsy', 'sign spasticity', 'produces'), ('disease cerebral palsy', 'sign seizures', 'produces'), ('disease cerebral palsy', 'sign developmental delay / intellectual disability', 'produces'), ('raredisease ap-4-associated hsp', 'sign changes in the white matter', 'produces'), ('raredisease ap-4-associated hsp', 'sign developmental delay / intellectual disability', 'produces'), ('raredisease ap-4-associated hsp', 'sign wide lateral ventricles', 'produces'), ('raredisease ap-4-associated hsp', 'sign thin corpus callosum', 'produces')}","{('raredisease ap-4-associated hsp', 'sign intellectual disability', 'produces'), ('raredisease ap-4-associated hsp', 'sign developmental delay', 'produces')}"
50,"{'anaphora', 'is_a'}","{'anaphora', 'is_a'}",,,
,,,anaphora,set(),set()
,,,is_a,set(),set()
51,"{'produces', 'anaphora', 'is_acron'}","{'produces', 'anaphora', 'is_a'}",,,
,,,is_a,"{('raredisease cftr', 'disease cystic fibrosis', 'is_a')}",
,,,produces,"{('raredisease cftr', 'sign positive family history', 'produces'), ('raredisease cftr', 'sign cystic fibrosis', 'produces'), ('raredisease cftr', 'sign defective gene', 'produces'), ('raredisease cftr', 'sign sweat test', 'produces'), ('raredisease cftr', 'sign pulmonary disease', 'produces'), ('raredisease cftr', 'sign abnormal irt results', 'produces'), ('raredisease cftr', 'sign pancreatic insufficiency', 'produces')}","{('raredisease cystic fibrosis', 'sign pulmonary disease', 'produces'), ('raredisease cystic fibrosis', 'sign pancreatic insufficiency', 'produces')}"
,,,anaphora,"{('raredisease cftr', 'anaphor ""the disease""', 'anaphora')}","{('raredisease cystic fibrosis', 'anaphor ""the disease""', 'anaphora')}"
,,,is_acron,set(),"{('raredisease cf', 'raredisease cystic fibrosis', 'is_acron')}"
52,"{'produces', 'anaphora', 'is_a', 'is_synon'}","{'produces', 'anaphora', 'is_a'}",,,
,,,produces,"{('raredisease laband syndrome', 'sign malformation or absence of the nails', 'produces'), ('raredisease laband syndrome', 'sign gingival fibromatosis', 'produces'), ('anaphor ""this disorder""', 'sign dysplastic or absent nails at birth', 'produces'), ('anaphor ""this disorder""', 'sign long, thin fingers', 'produces'), ('raredisease laband syndrome', 'sign abnormalities of the hands and feet', 'produces'), ('anaphor ""this disorder""', 'sign large gums', 'produces'), ('anaphor ""this disorder""', 'sign long, thin toes', 'produces')}","{('raredisease laband syndrome', 'sign abnormalities of the hands', 'produces'), ('anaphor ""this disorder""', 'sign abnormally long, thin toes', 'produces'), ('anaphor ""the disorder""', 'sign malformation or absence of the nails', 'produces'), ('anaphor ""this disorder""', 'sign absent nails at birth', 'produces'), ('raredisease laband syndrome', 'sign gingival fibromatosis when the primary teeth appear', 'produces'), ('anaphor ""this disorder""', 'sign dysplastic nails at birth', 'produces'), ('raredisease laband syndrome', 'sign abnormalities of the feet', 'produces'), ('anaphor ""this disorder""', 'sign abnormally long, thin fingers', 'produces')}"
,,,anaphora,"{('raredisease laband syndrome', 'anaphor ""the disorder""', 'anaphora')}","{('sign overgrown gums', 'sign dysplastic nails at birth', 'anaphora')}"
,,,is_a,set(),set()
,,,is_synon,set(),"{('raredisease zimmerman-laband syndrome', 'raredisease laband syndrome', 'is_synon')}"
53,{'increases_risk_of'},"{'increases_risk_of', 'is_a'}",,,
,,,is_a,"{('disease asd', 'disease multiple congenital anomalies', 'is_a'), ('raredisease dup15q', 'raredisease chromosome (cytogenetic) anomalies', 'is_a')}",
,,,increases_risk_of,"{('raredisease dup15q', 'disease intellectual disability', 'increases_risk_of'), ('raredisease dup15q', 'disease asd', 'increases_risk_of'), ('raredisease dup15q', 'disease developmental delay', 'increases_risk_of')}","{('raredisease asd', 'raredisease dup15q', 'increases_risk_of')}"
54,"{'produces', 'is_a', 'is_acron'}","{'produces', 'is_a'}",,,
,,,produces,"{('raredisease baller-gerold syndrome', 'sign distinctive misshaped appearance of the bones of the forearms', 'produces'), ('raredisease baller-gerold syndrome', 'sign distinctive misshaped appearance of the skull', 'produces'), ('raredisease baller-gerold syndrome', 'sign distinctive misshaped appearance of the bones of the hands', 'produces'), ('raredisease baller-gerold syndrome', 'sign distinctive misshaped appearance of the facial (craniofacial) area', 'produces')}","{('raredisease bgs', 'sign distinctive misshaped appearance of the skull', 'produces'), ('raredisease bgs', 'sign distinctive misshaped appearance of the bones of the forearms and hands', 'produces'), ('raredisease bgs', 'sign distinctive misshaped appearance of the facial (craniofacial) area', 'produces')}"
,,,is_a,set(),set()
,,,is_acron,set(),"{('raredisease bgs', 'raredisease baller-gerold syndrome', 'is_acron')}"
55,"{'produces', 'anaphora', 'is_a'}","{'produces', 'anaphora', 'is_a'}",,,
,,,produces,"{('anaphor ""this disorder""', 'sign physical activities may be slightly impaired', 'produces'), ('raredisease batten turner type congenital myopathy', 'sign physical activities may be slightly impaired', 'produces'), ('anaphor ""this disorder""', 'sign falling', 'produces'), ('anaphor ""this disorder""', 'sign floppiness', 'produces'), ('anaphor ""this disorder""', 'sign weakness', 'produces'), ('raredisease batten turner type congenital myopathy', 'sign myopathy', 'produces'), ('anaphor ""this disorder""', 'sign slow, progressive loss of muscle tone', 'produces'), ('anaphor ""this disorder""', 'sign hypotonia', 'produces'), ('anaphor ""this disorder""', 'sign stumbling', 'produces')}","{('anaphor ""this disorder""', 'sign toddlers stumbling', 'produces'), ('anaphor ""this disorder""', 'sign toddlers mild muscle weakness', 'produces'), ('raredisease batten turner type congenital myopathy', 'sign in a newborn general weakness', 'produces'), ('raredisease batten turner type congenital myopathy', 'sign in a newborn hypotonia', 'produces'), ('raredisease batten turner type congenital myopathy', 'sign motor skills slightly delayed', 'produces'), ('raredisease batten turner type congenital myopathy', 'sign in a newborn slow, progressive loss of muscle tone', 'produces'), ('anaphor ""this disorder""', 'sign toddlers prone to falling', 'produces'), ('raredisease batten turner type congenital myopathy', 'sign important developmental milestones slightly delayed', 'produces'), ('raredisease batten turner type congenital myopathy', 'sign adults mild muscle weakness', 'produces')}"
,,,anaphora,set(),"{('raredisease batten turner type congenital myopathy', 'anaphor ""this disease""', 'anaphora')}"
,,,is_a,"{('raredisease batten turner type congenital myopathy', 'disease inherited muscle disease', 'is_a')}","{('disease myopathy', 'disease inherited muscle disease', 'is_a'), ('raredisease batten turner type congenital myopathy', 'disease myopathy', 'is_a')}"
56,{'anaphora'},{'anaphora'},,,
,,,anaphora,"{('raredisease pros1 protein s deficiency', 'anaphor ""the disorder""', 'anaphora')}","{('raredisease protein s deficiency', 'anaphor ""the disorder""', 'anaphora')}"
57,{'is_a'},{'is_a'},,,
,,,is_a,set(),set()
58,"{'produces', 'anaphora', 'is_a'}","{'produces', 'anaphora', 'is_a'}",,,
,,,produces,set(),set()
,,,anaphora,set(),set()
,,,is_a,set(),set()
59,"{'produces', 'is_a'}","{'produces', 'is_a'}",,,
,,,produces,"{('raredisease leukodystrophies', 'sign neurological problems', 'produces'), ('raredisease leukodystrophies', 'sign burning paresthesia from peripheral neuropathy', 'produces'), ('raredisease leukodystrophies', 'sign myelin sheath', 'produces')}","{('raredisease leukodystrophies', 'sign peripheral neuropathy', 'produces'), ('raredisease leukodystrophy', 'sign abnormal development or destruction of the white matter (myelin sheath) of the brain', 'produces'), ('raredisease leukodystrophies', 'sign burning paresthesia', 'produces')}"
,,,is_a,"{('raredisease leukodystrophies', 'disease leukodystrophy', 'is_a')}",set()
60,"{'increases_risk_of', 'is_synon', 'produces', 'is_a', 'is_acron', 'anaphora'}","{'produces', 'anaphora', 'is_a', 'is_acron'}",,,
,,,increases_risk_of,set(),"{('anaphor ""the disease""', 'disease pneumonia', 'increases_risk_of')}"
,,,is_synon,set(),"{('raredisease spongiform encephalopathy', 'raredisease creutzfeldt-jakob disease', 'is_synon')}"
,,,produces,"{('raredisease creutzfeldt-jakob disease', 'sign spongiform encephalopathy', 'produces'), ('anaphor ""the disease""', 'sign slow, involuntary, continual writhing movements', 'produces'), ('anaphor ""the disease""', 'sign loss of physical functions', 'produces'), ('raredisease creutzfeldt-jakob disease', 'sign sudden development of rapidly progressive neurological and neuromuscular symptoms', 'produces'), ('anaphor ""the disease""', 'sign disorientation', 'produces')}","{('anaphor ""the disease""', 'sign coma', 'produces'), ('raredisease creutzfeldt-jakob disease', 'symptom rapidly progressive neurological symptoms', 'produces'), ('anaphor ""the disease""', 'sign loss of physical and intellectual functions', 'produces'), ('raredisease creutzfeldt-jakob disease', 'symptom rapidly progressive neuromuscular symptoms', 'produces'), ('anaphor ""the disease""', 'disease infections of the respiratory tract', 'produces'), ('anaphor ""the disease""', 'symptom disorientation', 'produces')}"
,,,is_a,set(),set()
,,,is_acron,set(),set()
,,,anaphora,set(),"{('raredisease creutzfeldt-jakob disease', 'anaphor ""the disorder""', 'anaphora')}"
61,"{'increases_risk_of', 'produces', 'is_a', 'is_acron', 'anaphora'}","{'produces', 'anaphora', 'is_a', 'is_acron'}",,,
,,,increases_risk_of,set(),"{('sign memory loss', 'sign neurological deterioration', 'increases_risk_of'), ('disease measles', 'anaphor ""the disease""', 'increases_risk_of')}"
,,,produces,"{('anaphor ""the disease""', 'sign involuntary muscle movements', 'produces'), ('anaphor ""the disease""', 'sign memory loss', 'produces'), ('anaphor ""the disease""', 'sign behavioral changes', 'produces'), ('anaphor ""the disease""', 'sign irritability', 'produces'), ('anaphor ""the disease""', 'sign seizures', 'produces'), ('anaphor ""the disease""', 'sign neurological deterioration', 'produces')}","{('raredisease sspe', 'sign neurological deterioration', 'produces'), ('raredisease sspe', 'sign involuntary muscle movements', 'produces'), ('raredisease sspe', 'sign behavioral changes', 'produces'), ('raredisease sspe', 'sign irritability', 'produces'), ('raredisease sspe', 'sign seizures', 'produces'), ('raredisease sspe', 'sign memory loss', 'produces')}"
,,,is_a,"{('raredisease subacute sclerosing panencephalitis', 'disease progressive neurological disorder', 'is_a')}","{('raredisease subacute sclerosing panencephalitis', 'disease neurological disorder', 'is_a')}"
,,,is_acron,set(),set()
,,,anaphora,set(),set()
62,"{'produces', 'anaphora', 'is_a', 'is_acron'}","{'produces', 'anaphora', 'is_a'}",,,
,,,produces,"{(""raredisease waldenstrom's macroglobulinemia"", 'sign low red blood cell counts', 'produces'), (""raredisease waldenstrom's macroglobulinemia"", 'sign bleeding within the retina', 'produces'), ('anaphor ""the disorder""', 'sign peripheral neuropathy', 'produces'), (""raredisease waldenstrom's macroglobulinemia"", 'sign malignant disorder of the bone marrow and lymphatic tissues', 'produces'), ('anaphor ""the disorder""', 'sign enlarged lymph nodes', 'produces'), (""raredisease waldenstrom's macroglobulinemia"", 'sign large numbers of b lymphocytes', 'produces'), ('anaphor ""the disorder""', 'sign enlarged liver', 'produces'), ('anaphor ""the disorder""', 'sign bleeding gums', 'produces'), (""raredisease waldenstrom's macroglobulinemia"", 'sign low platelet counts', 'produces'), (""raredisease waldenstrom's macroglobulinemia"", 'sign bleeding in the retina', 'produces'), ('anaphor ""the disorder""', 'sign hyperviscosity', 'produces'), ('anaphor ""the disorder""', 'sign enlarged spleen', 'produces'), (""raredisease waldenstrom's macroglobulinemia"", 'sign thickened (viscous) blood', 'produces'), (""raredisease waldenstrom's macroglobulinemia"", 'sign fatigue', 'produces'), (""raredisease waldenstrom's macroglobulinemia"", 'sign loss of energy', 'produces'), (""raredisease waldenstrom's macroglobulinemia"", 'sign bleeding gums', 'produces')}","{(""raredisease waldenstrom's macroglobulinemia"", 'sign blurring', 'produces'), ('raredisease wmg', 'sign low red blood cell', 'produces'), (""raredisease waldenstrom's macroglobulinemia"", 'sign enlarged lymph nodes', 'produces'), (""raredisease waldenstrom's macroglobulinemia"", 'sign abnormally large numbers of a particular kind of white blood cell known as b lymphocytes', 'produces'), (""raredisease waldenstrom's macroglobulinemia"", 'sign enlarged liver', 'produces'), ('anaphor ""the disorder""', 'sign small blood vessels tear', 'produces'), ('raredisease wmg', 'sign bleeding of the retina', 'produces'), ('anaphor ""the disorder""', 'sign bleeding in the gums', 'produces'), (""raredisease waldenstrom's macroglobulinemia"", 'sign bleeding from the gums', 'produces'), ('anaphor ""the disorder""', 'sign blood to become thick', 'produces'), (""raredisease waldenstrom's macroglobulinemia"", 'sign viscous blood', 'produces'), ('disease peripheral neuropathy', 'sign tingling in the fingers and toes', 'produces'), ('anaphor ""the disorder""', 'sign large amounts of igm', 'produces'), (""raredisease waldenstrom's macroglobulinemia"", 'sign excessive quantities of igm', 'produces'), (""raredisease waldenstrom's macroglobulinemia"", 'symptom fatigue', 'produces'), (""raredisease waldenstrom's macroglobulinemia"", 'sign vision impairment', 'produces'), (""raredisease waldenstrom's macroglobulinemia"", 'sign enlarged spleen', 'produces'), (""raredisease waldenstrom's macroglobulinemia"", 'symptom loss of energy', 'produces'), ('raredisease wmg', 'sign low platelet counts', 'produces'), (""raredisease waldenstrom's macroglobulinemia"", 'sign changes in blood flow through the blood vessels that serve the retina', 'produces')}"
,,,anaphora,"{(""raredisease waldenstrom's macroglobulinemia"", 'anaphor ""the disorder""', 'anaphora')}","{('raredisease wmg', 'anaphor ""this disorder""', 'anaphora')}"
,,,is_a,set(),"{(""raredisease waldenstrom's macroglobulinemia"", 'disease malignant disorder of the bone marrow and lymphatic tissues', 'is_a')}"
,,,is_acron,set(),"{('raredisease wmg', ""raredisease waldenstrom's macroglobulinemia"", 'is_acron')}"
63,"{'produces', 'anaphora'}","{'produces', 'anaphora'}",,,
,,,produces,"{('raredisease hyperferritinemia-cataract syndrome', 'sign cataracts', 'produces')}",set()
,,,anaphora,set(),"{('raredisease hyperferritinemia-cataract syndrome', 'anaphor ""it""', 'anaphora')}"
64,{'produces'},{'produces'},,,
,,,produces,"{('raredisease west syndrome', 'sign violent jackknife or ""salaam"" movements', 'produces'), ('raredisease west syndrome', 'sign mild twitching of the eye', 'produces'), ('raredisease west syndrome', 'sign epileptic/infantile spasms', 'produces')}","{('raredisease west syndrome', 'sign eye changes', 'produces'), ('raredisease west syndrome', 'sign violent jackknife', 'produces'), ('raredisease west syndrome', 'sign ""salaam"" movements', 'produces'), ('raredisease west syndrome', 'sign abnormal brain wave patterns', 'produces')}"
65,"{'produces', 'anaphora', 'is_a', 'is_acron'}","{'produces', 'is_a'}",,,
,,,produces,"{('raredisease alagille syndrome', 'sign congenital heart defects', 'produces'), ('raredisease alagille syndrome', 'sign severe itching', 'produces'), ('raredisease alagille syndrome', 'sign cholestasis', 'produces'), ('raredisease alagille syndrome', 'sign poor weight gain', 'produces'), ('raredisease alagille syndrome', 'sign heart murmurs', 'produces'), ('raredisease alagille syndrome', 'sign poor growth', 'produces'), ('raredisease alagille syndrome', 'sign distinctive facial features', 'produces'), ('raredisease alagille syndrome', 'sign posterior embryotoxon', 'produces'), ('raredisease alagille syndrome', 'sign pale, loose stools', 'produces'), ('raredisease alagille syndrome', 'sign thickening of the ring that normally lines the cornea in the eye', 'produces'), ('raredisease alagille syndrome', 'sign vertebral (back bone) differences', 'produces'), ('raredisease alagille syndrome', 'sign jaundice', 'produces'), ('raredisease alagille syndrome', 'sign block of the flow of bile from the liver', 'produces')}","{('anaphor ""the disorder""', 'sign thickening of posterior embryotoxon', 'produces'), ('anaphor ""the disorder""', 'sign vertebral differences', 'produces'), ('anaphor ""the disorder""', 'sign poor weight gain', 'produces'), ('anaphor ""the disorder""', 'sign jaundice', 'produces'), ('anaphor ""the disorder""', 'sign heart murmurs', 'produces'), ('anaphor ""the disorder""', 'sign cholestasis', 'produces'), ('anaphor ""the disorder""', 'sign congenital heart defects', 'produces'), ('anaphor ""the disorder""', 'sign pale, loose stools', 'produces'), ('anaphor ""the disorder""', 'sign distinctive facial features', 'produces'), ('anaphor ""the disorder""', 'sign pruritis', 'produces'), ('anaphor ""the disorder""', 'sign poor growth', 'produces')}"
,,,anaphora,set(),"{('raredisease alagille syndrome', 'anaphor ""the disorder""', 'anaphora')}"
,,,is_a,set(),set()
,,,is_acron,set(),"{('raredisease algs', 'raredisease alagille syndrome', 'is_acron')}"
66,{'produces'},{'produces'},,,
,,,produces,"{('skinraredisease elephantiasis', 'sign gross enlargement of an area of the body, especially the limbs', 'produces'), ('skinraredisease elephantiasis', 'sign lymph in the affected areas', 'produces'), ('skinraredisease elephantiasis', 'sign obstruction of the lymphatic system', 'produces')}","{('disease elephantiasis', 'sign accumulation of a fluid called lymph in the affected areas', 'produces'), ('disease elephantiasis', 'sign obstruction of the lymphatic system', 'produces'), ('disease elephantiasis', 'sign gross enlargement of an area of the body, especially the limbs', 'produces')}"
67,"{'produces', 'anaphora', 'is_a'}","{'produces', 'anaphora', 'is_a'}",,,
,,,produces,"{('anaphor ""this disorder""', 'sign twisting of the jejunal around the marginal artery', 'produces'), ('anaphor ""this disorder""', 'sign partial absence of the fold of the stomach membrane', 'produces')}","{('anaphor ""this disorder""', 'sign the jejunal twists around the marginal arter', 'produces'), ('anaphor ""this disorder""', 'sign partial absence of the fold of the stomach membrane that connects the small intestine to the back wall of the abdomen', 'produces')}"
,,,anaphora,set(),"{('raredisease jejunal atresia', 'anaphor ""it""', 'anaphora')}"
,,,is_a,set(),set()
68,"{'produces', 'anaphora', 'is_a'}","{'produces', 'is_a'}",,,
,,,produces,"{('raredisease carnosinemia', 'symptom drowsiness', 'produces'), ('raredisease carnosinemia', 'sign motor delays', 'produces'), ('raredisease carnosinemia', 'sign high levels of carnosine', 'produces'), ('raredisease carnosinemia', 'sign low muscle tone', 'produces'), ('raredisease carnosinemia', 'sign delayed intellectual development', 'produces'), ('raredisease carnosinemia', 'sign eeg abnormal', 'produces'), ('raredisease carnosinemia', 'sign high levels of anserine', 'produces'), ('raredisease carnosinemia', 'sign muscle weakness congenital myopathy', 'produces'), ('raredisease carnosinemia', 'sign slow growth', 'produces'), ('raredisease carnosinemia', 'sign extreme drowsiness', 'produces'), ('raredisease carnosinemia', 'sign developmental regression', 'produces')}","{('sign developmental delays', 'raredisease congenital myopathy', 'produces'), ('sign developmental delays', 'sign seizures', 'produces'), ('sign developmental delays', 'sign congenital myopathy', 'produces'), ('sign developmental delays', 'sign myoclonic seizures.', 'produces'), ('raredisease carnosinemia', 'sign drowsiness', 'produces'), ('sign developmental delays', 'anaphor ""this disorder""', 'produces'), ('sign developmental delays', 'sign very low activity of the enzyme carnosinase in the blood', 'produces'), ('sign developmental delays', 'sign intellectual deficit', 'produces'), ('sign developmental delays', 'sign developmental regression', 'produces'), ('raredisease carnosinemia', 'sign abnormally high levels of carnosine and anserine in the serum and urine', 'produces'), ('sign developmental delays', 'sign delayed intellectual development', 'produces'), ('sign developmental delays', 'sign intellectual disabilities', 'produces'), ('raredisease carnosinemia', 'sign very low activity of the enzyme carnosinase in the blood', 'produces')}"
,,,anaphora,set(),"{('raredisease carnosinemia', 'anaphor ""this disorder""', 'anaphora'), ('raredisease carnosinemia', 'anaphor ""this condition""', 'anaphora')}"
,,,is_a,set(),set()
69,"{'produces', 'increases_risk_of', 'anaphora', 'is_acron'}","{'produces', 'increases_risk_of', 'anaphora'}",,,
,,,produces,"{('raredisease mikulicz syndrome', 'sign parotid enlargement', 'produces'), ('raredisease mikulicz syndrome', 'sign salivary enlargement', 'produces'), ('raredisease mikulicz syndrome', 'sign swollen submaxillary glands', 'produces'), ('raredisease mikulicz syndrome', 'sign enlarged tear glands', 'produces'), ('raredisease mikulicz syndrome', 'sign hard, painless swellings of the saliva glands of the mouth and those near the ears', 'produces'), ('raredisease mikulicz syndrome', 'sign parotids enlargement', 'produces'), ('raredisease mikulicz syndrome', 'sign enlarged glands in the neck', 'produces'), ('raredisease mikulicz syndrome', 'sign abnormal enlargement of glands in the head and neck', 'produces'), ('raredisease mikulicz syndrome', 'sign lacrimal enlargement', 'produces')}","{('raredisease mikulicz syndrome', 'sign enlargement of glands in the head and neck', 'produces'), ('raredisease mikulicz syndrome', 'sign enlargement of glands salivary', 'produces'), ('raredisease mikulicz syndrome', 'sign enlarged parotid glands', 'produces'), ('raredisease mikulicz syndrome', 'sign enlarged lacrimal glands', 'produces'), ('raredisease mikulicz syndrome', 'sign leading to absent or decreased tears', 'produces'), ('raredisease mikulicz syndrome', 'sign tumefactions of the salivary glands', 'produces'), ('raredisease mikulicz syndrome', 'sign enlargement of glands lacrimal', 'produces'), ('raredisease mikulicz syndrome', 'sign glands submaxillary swollen', 'produces'), ('raredisease mikulicz syndrome', 'sign enlargement of glands in the parotids', 'produces')}"
,,,increases_risk_of,"{('disease lymphosarcoma', 'raredisease mikulicz syndrome', 'increases_risk_of'), ('disease lupus', 'raredisease mikulicz syndrome', 'increases_risk_of'), ('disease leukemia', 'raredisease mikulicz syndrome', 'increases_risk_of'), (""disease hodgkin's disease"", 'raredisease mikulicz syndrome', 'increases_risk_of'), ('disease syphilis', 'raredisease mikulicz syndrome', 'increases_risk_of'), ('disease sle', 'raredisease mikulicz syndrome', 'increases_risk_of'), ('disease tuberculosis', 'raredisease mikulicz syndrome', 'increases_risk_of'), ('disease sjogren syndrome', 'raredisease mikulicz syndrome', 'increases_risk_of')}","{('raredisease mikulicz syndrome', 'raredisease lymphomas', 'increases_risk_of')}"
,,,anaphora,set(),set()
,,,is_acron,set(),"{('raredisease sle', 'raredisease lupus', 'is_acron')}"
70,set(),set(),,,
71,set(),set(),,,
72,"{'produces', 'anaphora', 'is_a'}","{'produces', 'anaphora'}",,,
,,,produces,"{('anaphor ""the disorder""', 'sign flat nasal bridge with a prominent nasal tip', 'produces'), ('raredisease chromosome 14 ring', 'sign abnormalities of the 14th chromosome', 'produces')}","{('anaphor ""the disorder""', 'sign flat nasal bridge', 'produces'), ('anaphor ""the disorder""', 'sign prominent nasal tip', 'produces')}"
,,,anaphora,set(),set()
,,,is_a,set(),"{('disease chromosomal disorders', 'disease chromosomal disorder', 'is_a')}"
73,"{'anaphora', 'is_a', 'is_acron'}","{'produces', 'anaphora', 'is_a', 'is_acron'}",,,
,,,produces,"{('raredisease ewing sarcoma', 'sign tumors', 'produces'), ('anaphor ""these tumors""', 'sign tumor', 'produces')}",
,,,anaphora,set(),"{('raredisease ewing family of tumors', 'anaphor ""these tumors""', 'anaphora'), ('raredisease ewing family of tumors', 'anaphor ""this family""', 'anaphora'), ('raredisease primitive neuroectodermal tumor', 'anaphor ""these tumors""', 'anaphora')}"
,,,is_a,"{('anaphor ""these tumors""', 'disease tumor', 'is_a')}","{('raredisease ewing sarcoma', 'anaphor ""this family""', 'is_a'), ('raredisease primitive neuroectodermal tumor', 'raredisease ewing sarcoma', 'is_a'), ('raredisease extraosseous ewing sarcoma', 'anaphor ""it""', 'is_a'), ('anaphor ""these tumors""', 'raredisease ewing family of tumors', 'is_a'), (""raredisease askin's tumor"", 'raredisease ewing sarcoma', 'is_a')}"
,,,is_acron,"{('raredisease eft', 'raredisease ewing sarcoma of bone', 'is_acron')}","{('raredisease eft', 'raredisease ewing family of tumors', 'is_acron')}"
74,"{'anaphora', 'is_a'}","{'produces', 'anaphora', 'is_a'}",,,
,,,produces,"{('raredisease hypoplastic left heart syndrome', 'sign congenital heart defects', 'produces')}",
,,,anaphora,set(),set()
,,,is_a,"{('anaphor ""the disorder""', 'disease congenital heart defects', 'is_a')}","{('raredisease hypoplastic left heart syndrome', 'disease congenital heart defects', 'is_a')}"
75,{'anaphora'},{'anaphora'},,,
,,,anaphora,set(),set()
76,"{'produces', 'anaphora'}","{'produces', 'increases_risk_of', 'anaphora'}",,,
,,,increases_risk_of,"{('disease-causing microbe', 'raredisease infectious arthritis', 'increases_risk_of'), ('disease-causing microbe', 'disease infectious arthritis', 'increases_risk_of')}",
,,,produces,"{('disease-causing microbe', 'sign acute arthritic attack', 'produces'), ('raredisease infectious arthritis', 'symptom general weakness', 'produces'), ('raredisease infectious arthritis', 'symptom painful swelling of one or more joints', 'produces'), ('raredisease infectious arthritis', 'symptom headaches', 'produces'), ('raredisease infectious arthritis', 'sign fever', 'produces'), ('raredisease infectious arthritis', 'symptom chills', 'produces')}","{('anaphor ""the infection""', 'symptom headaches', 'produces'), ('raredisease infectious arthritis', 'sign arthritis', 'produces'), ('anaphor ""the infection""', 'sign chills', 'produces'), ('anaphor ""the infection""', 'sign fever', 'produces'), ('disease hepatitis b', 'sign hepatitis', 'produces'), ('symptom headaches', 'sign arthritis', 'produces'), ('sign arthritis', 'raredisease rheumatoid arthritis', 'produces'), ('anaphor ""the infection""', 'symptom general weakness', 'produces'), ('anaphor ""the infection""', 'sign inflammation and painful swelling of one or more joints of the body', 'produces')}"
,,,anaphora,"{('disease-causing microbe', 'anaphor ""the disease""', 'anaphora')}","{('raredisease infectious arthritis', 'anaphor ""the infection""', 'anaphora'), ('symptom headaches', 'anaphor ""the disorder""', 'anaphora')}"
77,"{'produces', 'anaphora', 'is_a', 'is_acron'}","{'produces', 'is_a', 'is_acron'}",,,
,,,produces,"{('skinraredisease townes-brocks syndrome', 'sign abnormalities in the kidneys', 'produces'), ('skinraredisease tbs', 'sign flat feet', 'produces'), ('skinraredisease townes-brocks syndrome', 'sign imperforate anus', 'produces'), ('skinraredisease tbs', 'sign feet anomalies', 'produces'), ('skinraredisease tbs', 'sign congenital sensorineural hearing loss', 'produces'), ('skinraredisease townes-brocks syndrome', 'sign abnormalities of the heart', 'produces'), ('skinraredisease tbs', 'sign imperforate anus', 'produces'), ('skinraredisease tbs', 'sign congenital conductive hearing loss', 'produces'), ('skinraredisease tbs', 'sign small ears', 'produces'), ('skinraredisease tbs', 'sign overlapping toes', 'produces'), ('skinraredisease townes-brocks syndrome', 'sign abnormalities in the heart', 'produces'), ('skinraredisease townes-brocks syndrome', 'sign absence of the anal opening', 'produces'), ('skinraredisease townes-brocks syndrome', 'sign abnormalities of the spine', 'produces'), ('skinraredisease tbs', 'sign short third toe', 'produces'), ('skinraredisease townes-brocks syndrome', 'sign abnormalities in the feet', 'produces'), ('skinraredisease tbs', 'sign kidney dysfunction', 'produces'), ('skinraredisease tbs', 'sign kidney malformations', 'produces'), ('skinraredisease tbs', 'sign folded rim of skin and cartilage around the outer ear', 'produces'), ('skinraredisease townes-brocks syndrome', 'sign thumb malformations', 'produces'), ('skinraredisease townes-brocks syndrome', 'sign abnormalities of the eye', 'produces'), ('skinraredisease townes-brocks syndrome', 'sign abnormal ears associated with hearing impairment', 'produces'), ('skinraredisease tbs', 'sign thumb malformations', 'produces')}","{('raredisease townes-brocks syndrome', 'sign mental retardation', 'produces'), ('raredisease townes-brocks syndrome', 'sign abnormal ears', 'produces'), ('raredisease tbs', 'sign conductive hearing loss', 'produces'), ('raredisease tbs', 'sign short third toe', 'produces'), ('raredisease townes-brocks syndrome', 'sign horseshoe kidney', 'produces'), ('raredisease tbs', 'sign folded rim of skin and cartilage around the outer ear', 'produces'), ('raredisease townes-brocks syndrome', 'sign abnormalities in the heart', 'produces'), ('raredisease townes-brocks syndrome', 'sign displaced or rotated kidneys', 'produces'), ('raredisease townes-brocks syndrome', 'sign abnormalities of the spine', 'produces'), ('raredisease townes-brocks syndrome', 'sign underdeveloped kidneys', 'produces'), ('raredisease townes-brocks syndrome', 'sign hearing impairment', 'produces'), ('raredisease tbs', 'sign thumb malformations', 'produces'), ('raredisease tbs', 'sign triphalangeal thumbs', 'produces'), ('raredisease townes-brocks syndrome', 'sign abnormalities in the feet', 'produces'), ('raredisease townes-brocks syndrome', 'sign kidney dysfunction', 'produces'), ('raredisease tbs', 'sign feet anomalies', 'produces'), ('raredisease townes-brocks syndrome', 'sign kidney malformations', 'produces'), ('raredisease townes-brocks syndrome', 'sign kidney anomalies', 'produces'), ('raredisease tbs', 'sign flat feet', 'produces'), ('raredisease tbs', 'sign imperforate anus', 'produces'), ('raredisease townes-brocks syndrome', 'sign thumb malformations', 'produces'), ('raredisease tbs', 'sign preaxial polydactyly', 'produces'), ('raredisease tbs', 'sign congenital sensorineural', 'produces'), ('raredisease townes-brocks syndrome', 'sign abnormalities of the eye', 'produces'), ('raredisease tbs', 'sign small ears', 'produces'), ('raredisease townes-brocks syndrome', 'sign polycystic kidneys', 'produces'), ('raredisease townes-brocks syndrome', 'sign abnormalities in the kidneys', 'produces'), ('raredisease townes-brocks syndrome', 'sign imperforate anus', 'produces'), ('raredisease townes-brocks syndrome', 'sign abnormalities of the heart', 'produces'), ('raredisease tbs', 'sign overlapping toes', 'produces')}"
,,,anaphora,set(),"{('raredisease townes-brock syndrome', 'anaphor ""this condition""', 'anaphora')}"
,,,is_a,"{('skinraredisease townes-brocks syndrome', 'disease autosomal dominant genetic disorder', 'is_a')}","{('raredisease townes-brocks syndrome', 'disease autosomal dominant genetic disorder', 'is_a')}"
,,,is_acron,"{('skinraredisease tbs', 'skinraredisease townes-brocks syndrome', 'is_acron')}","{('raredisease tbs', 'raredisease townes-brocks syndrome', 'is_acron')}"
78,{'anaphora'},{'anaphora'},,,
,,,anaphora,"{('raredisease turner syndrome', 'anaphor ""it""', 'anaphora')}",set()
79,"{'increases_risk_of', 'produces', 'is_a', 'is_acron', 'anaphora'}","{'produces', 'anaphora', 'is_a'}",,,
,,,increases_risk_of,set(),"{('raredisease cdls', 'disease respiratory infections', 'increases_risk_of')}"
,,,produces,"{('raredisease cornelia de lange syndrome', 'sign congenital growth retardation', 'produces'), ('raredisease cornelia de lange syndrome', 'sign malformations of the arms', 'produces'), ('anaphor ""the disorder""', 'sign arched, well-defined eyebrows that grow together', 'produces'), ('anaphor ""the disorder""', 'sign philtrum', 'produces'), ('raredisease cornelia de lange syndrome', 'sign prenatal growth retardation', 'produces'), ('raredisease cornelia de lange syndrome', 'sign mild to severe intellectual disability', 'produces'), ('raredisease cornelia de lange syndrome', 'sign malformations of the hands', 'produces'), ('anaphor ""the disorder""', 'sign protruding upper jaw', 'produces')}","{('raredisease cdls', 'sign hearing loss', 'produces'), ('raredisease cdls', 'sign small hands', 'produces'), ('anaphor ""the disorder""', 'sign synophrys', 'produces'), ('raredisease cdls', 'sign small feet', 'produces'), ('anaphor ""the disorder""', 'sign prominent vertical philtrum', 'produces'), ('anaphor ""the disorder""', 'sign curly, unusually long eyelashes', 'produces'), ('raredisease cdls', 'sign malformations of the limbs', 'produces'), ('raredisease cdls', 'sign low-pitched ""growling"" cry and low voice', 'produces'), ('raredisease cdls', 'sign heart defects', 'produces'), ('raredisease cdls', 'sign breathing difficulties', 'produces'), ('raredisease cdls', 'sign clinodactyly', 'produces'), ('raredisease cdls)', 'sign prenatal growth retardation', 'produces'), ('raredisease cdls', 'sign absence of the forearms, hands, and fingers', 'produces'), ('raredisease cornelia de lange syndrome', 'sign intellectual disability', 'produces'), ('raredisease cdls', 'sign feeding difficulties', 'produces'), ('raredisease cdls', 'sign syndactyly', 'produces'), ('raredisease cdls', 'sign delayed skeletal maturation', 'produces'), ('raredisease cdls', 'sign physical abnormalities', 'produces'), ('raredisease cornelia de lange syndrome', 'sign malformations of the upper limbs', 'produces')}"
,,,is_a,set(),set()
,,,is_acron,set(),"{('raredisease cdls)', 'raredisease cornelia de lange syndrome', 'is_acron')}"
,,,anaphora,set(),set()
80,"{'produces', 'anaphora', 'is_a', 'is_acron'}","{'produces', 'anaphora', 'is_a', 'is_acron'}",,,
,,,produces,"{('raredisease cat eye syndrome', 'sign ocular abnormality', 'produces'), ('raredisease ces', 'sign coloboma', 'produces'), ('raredisease ces', 'sign elongated pupil', 'produces'), ('raredisease ces', 'sign cleft or gap in the iris below the pupil', 'produces')}","{('raredisease cat eye syndrome', 'sign elongated pupil', 'produces'), ('raredisease cat eye syndrome', 'sign gap in the iris below the pupil', 'produces'), ('raredisease cat eye syndrome', 'sign eye abnormality', 'produces'), ('raredisease cat eye syndrome', ""sign appearance of a cat's eye"", 'produces'), ('raredisease cat eye syndrome', 'sign coloboma', 'produces')}"
,,,anaphora,set(),"{('raredisease ces', 'anaphor ""this syndrome""', 'anaphora')}"
,,,is_a,set(),set()
,,,is_acron,set(),set()
81,"{'produces', 'anaphora', 'is_synon'}","{'produces', 'anaphora', 'is_synon'}",,,
,,,produces,"{('anaphor ""it""', 'sign thrombophlebitis', 'produces'), ('anaphor ""it""', 'sign tingling', 'produces'), ('disease thromboangiitis obliterans', 'sign cramping in the legs', 'produces'), ('anaphor ""it""', 'sign lack of normal blood flow to the fingers and/or toes', 'produces'), ('anaphor ""it""', 'sign cramping in the legs', 'produces'), (""raredisease buerger's disease"", 'sign tissue death of affected limbs', 'produces'), ('disease thromboangiitis obliterans', 'sign limping', 'produces'), ('anaphor ""it""', 'sign limping', 'produces'), ('disease thromboangiitis obliterans', 'symptom extreme pain of the lower arms and legs', 'produces'), ('disease thromboangiitis obliterans', 'sign numbness', 'produces'), ('anaphor ""it""', 'symptom extreme pain of the lower arms and legs', 'produces'), ('disease thromboangiitis obliterans', 'sign claudication', 'produces'), ('disease thromboangiitis obliterans', 'sign peripheral vascular disease', 'produces'), ('anaphor ""it""', 'sign numbness', 'produces'), ('disease thromboangiitis obliterans', 'sign occlusion of the veins and arteries of the extremities', 'produces'), ('disease thromboangiitis obliterans', 'sign ulcers on the extremities', 'produces'), ('disease thromboangiitis obliterans', 'sign tingling', 'produces'), ('anaphor ""it""', 'sign occlusion of the veins and arteries of the extremities', 'produces'), ('anaphor ""it""', 'sign ulcers on the extremities', 'produces')}","{('anaphor ""it""', 'symptom extreme pain of the legs', 'produces'), (""raredisease buerger's disease"", ""sign raynaud's phenomenon"", 'produces'), (""raredisease buerger's disease"", 'sign thrombophlebitis', 'produces'), ('anaphor ""it""', 'symptom extreme pain of the lower arms while at rest', 'produces'), ('anaphor ""it""', 'sign narrowing or blockage (occlusion) of the veins and arteries of the extremities', 'produces'), ('anaphor ""it""', 'sign cramping in the legs when they walk', 'produces'), (""raredisease buerger's disease"", 'sign ulcers on the extremities', 'produces')}"
,,,anaphora,set(),set()
,,,is_synon,"{(""raredisease buerger's disease"", 'raredisease thromboangiitis obliterans', 'is_synon')}","{('raredisease thromboangiitis obliterans', ""raredisease buerger's disease"", 'is_synon')}"
82,"{'produces', 'anaphora', 'is_a', 'is_acron'}","{'anaphora', 'is_a', 'is_acron'}",,,
,,,produces,set(),"{('raredisease sennetsu fever', 'sign fever', 'produces')}"
,,,anaphora,"{('raredisease human granulocytic ehrlichiosis', 'anaphor ""the disorders""', 'anaphora'), ('raredisease sennetsu fever', 'anaphor ""the disorders""', 'anaphora')}","{('raredisease human ehrlichioses', 'anaphor ""the disorders""', 'anaphora'), ('raredisease human ehrlichioses', 'anaphor ""these diseases""', 'anaphora')}"
,,,is_a,"{('raredisease human monocytic ehrlichiosis', 'disease human ehrlichioses', 'is_a')}","{('raredisease human monocytic ehrlichiosis', 'raredisease human ehrlichioses', 'is_a'), ('raredisease sennetsu fever', 'raredisease human ehrlichioses', 'is_a'), ('raredisease human granulocytic ehrlichiosis', 'raredisease human ehrlichioses', 'is_a')}"
,,,is_acron,set(),set()
83,{'anaphora'},{'anaphora'},,,
,,,anaphora,set(),set()
84,"{'', 'increases_risk_of', 'is_synon', 'produces', 'anaphora'}","{'produces', 'increases_risk_of', 'anaphora'}",,,
,,,,set(),"{('raredisease partially empty sella', 'sign sella turcica', '')}"
,,,increases_risk_of,"{('disease pituitary tumor', 'raredisease empty sella syndrome', 'increases_risk_of'), ('disease pseudotumor cerebri', 'raredisease empty sella syndrome', 'increases_risk_of'), ('disease elevated intracranial pressure', 'raredisease empty sella syndrome', 'increases_risk_of'), ('disease idiopathic intracranial hypertension', 'raredisease empty sella syndrome', 'increases_risk_of'), ('disease head trauma', 'raredisease empty sella syndrome', 'increases_risk_of')}","{('raredisease pituitary tumor', 'anaphor ""it""', 'increases_risk_of'), ('raredisease idiopathic intracranial hypertension', 'anaphor ""it""', 'increases_risk_of'), ('raredisease empty sella syndrome', 'anaphor ""it""', 'increases_risk_of')}"
,,,is_synon,set(),"{('sign hormone deficiencies', 'sign completely filled with cerebrospinal fluid with no visualized pituitary gland', 'is_synon')}"
,,,produces,"{('raredisease empty sella syndrome', 'sign sella turcica', 'produces'), ('raredisease empty sella syndrome', 'sign completely empty sella', 'produces'), ('raredisease empty sella syndrome', 'sign enlargement or malformation of a structure in the skull known as the sella turcica', 'produces'), ('raredisease empty sella syndrome', 'sign partially empty sella', 'produces')}","{('raredisease empty sella syndrome', 'sign enlargement or malformation of sella turcica', 'produces'), ('raredisease primary empty sella syndrome', 'sign hypertension', 'produces'), ('raredisease idiopathic intracranial hypertension', 'sign elevated intracranial', 'produces'), ('raredisease completely empty sella', 'sign completely filled with cerebrospinal fluid with no visualized pituitary gland', 'produces'), ('raredisease partially empty sella', 'sign very small associated pituitary gland lying in the floor of the sella', 'produces')}"
,,,anaphora,"{('raredisease empty sella syndrome', 'anaphor ""it""', 'anaphora')}",set()
85,"{'produces', 'increases_risk_of', 'anaphora', 'is_acron'}","{'produces', 'increases_risk_of', 'anaphora', 'is_acron'}",,,
,,,produces,"{('raredisease acc', 'sign meningomyelocele', 'produces'), ('raredisease acc', 'sign meningocele', 'produces'), ('anaphor ""it""', 'sign agenesis of corpus callosum', 'produces'), ('raredisease agenesis of corpus callosum', 'sign agenesis of corpus callosum', 'produces')}","{('disease spina bifida', 'sign open (or non-fused) spine', 'produces'), ('disease spina bifida', 'sign meningocele', 'produces'), ('anaphor ""it""', 'sign developmental disturbance of the fetal brain', 'produces'), ('raredisease fetal alcohol syndrome', 'sign mental retardation', 'produces'), ('disease spina bifida', 'sign meningomyelocele', 'produces')}"
,,,increases_risk_of,"{('raredisease acc', 'disease spina bifida', 'increases_risk_of')}","{('raredisease fetal alcohol syndrome', 'raredisease acc', 'increases_risk_of')}"
,,,anaphora,"{('raredisease acc', 'anaphor ""this condition""', 'anaphora'), ('raredisease acc', 'anaphor ""it""', 'anaphora')}","{('disease spina bifida', 'anaphor ""this disorder""', 'anaphora'), ('raredisease agenesis of corpus callosum', 'anaphor ""this condition""', 'anaphora'), ('raredisease acc', 'anaphor ""this disorder""', 'anaphora')}"
,,,is_acron,"{('raredisease acc', 'raredisease agenesis of corpus callosum', 'is_acron')}","{('raredisease acc', 'raredisease acc', 'is_acron')}"
86,"{'produces', 'anaphora'}","{'produces', 'anaphora'}",,,
,,,produces,"{('anaphor ""this syndrome""', 'sign hematuria', 'produces'), ('anaphor ""this syndrome""', 'sign tetany', 'produces'), ('anaphor ""this syndrome""', 'sign hypocalcemia', 'produces'), ('anaphor ""this syndrome""', 'sign convulsions', 'produces'), ('anaphor ""this syndrome""', 'sign proteinuria', 'produces'), ('anaphor ""this syndrome""', 'sign deafness', 'produces'), ('anaphor ""this syndrome""', 'sign nephrotic syndrome', 'produces'), ('anaphor ""this syndrome""', 'sign muscle weakness', 'produces'), ('anaphor ""this syndrome""', 'sign congenital anomalies of the kidney and urinary tract', 'produces'), ('anaphor ""this syndrome""', 'sign kidney disease', 'produces')}","{('disease progressive sensorineural deafness', 'sign deafness', 'produces'), ('sign nephrotic syndrome', 'raredisease deletion 22q11 syndrome', 'produces'), ('sign nephrotic syndrome', 'disease kidney disease', 'produces'), ('sign nephrotic syndrome', 'sign hypocalcemia', 'produces'), ('sign nephrotic syndrome', 'disease proteinuria', 'produces'), ('sign nephrotic syndrome', 'disease renal insufficiency', 'produces'), ('sign nephrotic syndrome', 'sign muscle weakness', 'produces'), ('sign nephrotic syndrome', 'sign hematuria', 'produces'), ('sign nephrotic syndrome', 'disease nephrotic syndrome', 'produces')}"
,,,anaphora,set(),"{('raredisease barakat syndrome', 'anaphor ""the syndrome""', 'anaphora')}"
87,"{'produces', 'is_a'}","{'produces', 'anaphora', 'is_a'}",,,
,,,anaphora,"{('raredisease kienbock disease', 'anaphor ""it""', 'anaphora')}",
,,,produces,"{('raredisease kienbock disease', 'sign stiffness in the overlying tissues of the wrist', 'produces'), ('raredisease kienbock disease', 'sign range of motion in the wrist may become limited', 'produces')}",set()
,,,is_a,set(),set()
88,"{'increases_risk_of', 'anaphora'}","{'increases_risk_of', 'anaphora'}",,,
,,,increases_risk_of,"{('raredisease alport syndrome', 'disease end-stage renal disease', 'increases_risk_of'), ('raredisease alport syndrome', 'disease chronic kidney disease', 'increases_risk_of')}","{('disease end-stage renal disease', 'raredisease alport syndrome', 'increases_risk_of'), ('disease chronic kidney disease', 'raredisease alport syndrome', 'increases_risk_of')}"
,,,anaphora,set(),set()
89,"{'increases_risk_of', 'produces', 'is_a', 'is_acron', 'anaphora'}","{'increases_risk_of', 'produces', 'is_a', 'is_acron', 'anaphora'}",,,
,,,increases_risk_of,"{('disease obesity', 'skinraredisease an', 'increases_risk_of'), ('disease obesity', 'skinraredisease acanthosis nigricans', 'increases_risk_of'), ('disease obesity', 'skinraredisease malignant an', 'increases_risk_of')}","{('disease obesity', 'anaphor ""the disorder""', 'increases_risk_of')}"
,,,produces,"{('skinraredisease acanthosis nigricans', 'sign hyperkeratosis of the skin', 'produces'), ('skinraredisease acanthosis nigricans', 'sign hyperpigmentation of the skin', 'produces'), ('skinraredisease acanthosis nigricans', 'sign axillae', 'produces')}","{('disease acanthosis nigricans', 'sign hyperkeratosis of the skin', 'produces'), ('disease acanthosis nigricans', 'sign hyperpigmentation of the skin', 'produces')}"
,,,is_a,"{('skinraredisease acanthosis nigricans', 'disease skin condition', 'is_a')}","{('disease acanthosis nigricans', 'disease skin condition', 'is_a')}"
,,,is_acron,"{('skinraredisease an', 'skinraredisease acanthosis nigricans', 'is_acron')}","{('disease an', 'disease acanthosis nigricans', 'is_acron')}"
,,,anaphora,"{('skinraredisease acanthosis nigricans', 'anaphor ""the disorder""', 'anaphora')}","{('disease an', 'anaphor ""the disorder""', 'anaphora')}"
90,"{'produces', 'anaphora', 'is_a', 'is_synon'}","{'produces', 'anaphora', 'is_a'}",,,
,,,produces,"{('raredisease schindler disease', 'sign enzyme defect', 'produces'), ('raredisease schindler disease', 'sign accumulation of glycosphingolipids', 'produces'), ('raredisease schindler disease', 'sign abnormal accumulation of certain complex compounds', 'produces'), ('raredisease schindler disease', 'sign accumulation of glycoproteins', 'produces'), ('raredisease schindler disease', 'sign accumulation of oligosaccharides', 'produces'), ('raredisease schindler disease', 'sign accumulation of certain complex compounds', 'produces')}","{('raredisease schindler disease', 'sign abnormal accumulation of glycosphingolipids, glycoproteins, and oligosaccharides', 'produces')}"
,,,anaphora,set(),"{('raredisease schindler disease type ii', 'anaphor ""type ii""', 'anaphora'), ('disease lysosomal storage diseases', 'anaphor ""these disorders""', 'anaphora'), ('raredisease schindler disease type i', 'anaphor ""type i""', 'anaphora')}"
,,,is_a,set(),"{('raredisease schindler disease', 'disease lysosomal storage diseases', 'is_a'), ('raredisease fabry diseases', 'disease lysosomal storage diseases', 'is_a'), ('raredisease gaucher diseases', 'disease lysosomal storage diseases', 'is_a'), ('raredisease alpha-n-acetylgalactosaminidase deficiency', 'anaphor ""these disorders""', 'is_a')}"
,,,is_synon,set(),"{('raredisease alpha-n-acetylgalactosaminidase deficiency', 'raredisease schindler disease', 'is_synon')}"
91,{'anaphora'},{'anaphora'},,,
,,,anaphora,"{('raredisease mandibuloacral dysplasia', 'anaphor ""the disorder""', 'anaphora')}","{('skinraredisease mandibuloacral dysplasia type b', 'anaphor ""the disorder""', 'anaphora')}"
92,set(),set(),,,
93,"{'produces', 'anaphora', 'is_a'}","{'produces', 'increases_risk_of', 'anaphora', 'is_a'}",,,
,,,increases_risk_of,"{('disease migraine headaches', 'raredisease retroperitoneal fibrosis', 'increases_risk_of'), ('disease malignant tumors', 'raredisease retroperitoneal fibrosis', 'increases_risk_of')}",
,,,produces,"{('raredisease retroperitoneal fibrosis', 'sign fibrosis', 'produces'), ('raredisease retroperitoneal fibrosis', 'sign abnormal tissue growth behind the peritoneum', 'produces'), ('raredisease retroperitoneal fibrosis', 'sign ureters', 'produces')}","{('raredisease retroperitoneal fibrosis', 'symptom methysergide', 'produces'), ('raredisease retroperitoneal fibrosis', 'sign tissue growth', 'produces'), ('raredisease retroperitoneal fibrosis', 'sign abnormal tissue growth often spreads to affect the ureters', 'produces'), ('raredisease retroperitoneal fibrosis', 'sign ureters blocked by the excess tissue', 'produces'), ('raredisease retroperitoneal fibrosis', 'sign fibrosis behind the peritoneum', 'produces'), ('sign malignant tumors', 'symptom methysergide', 'produces')}"
,,,anaphora,set(),set()
,,,is_a,set(),set()
94,"{'increases_risk_of', 'is_synon', 'produces', 'is_a', 'is_acron'}","{'produces', 'anaphora', 'is_a', 'is_acron'}",,,
,,,anaphora,"{('raredisease aps', 'anaphor ""aps""', 'anaphora')}",
,,,increases_risk_of,set(),"{('raredisease aps', 'raredisease aps', 'increases_risk_of')}"
,,,is_synon,set(),"{('raredisease systemic lupus erythematosus', 'raredisease secondary antiphospholipid syndrome', 'is_synon')}"
,,,produces,"{('raredisease aps', 'disease deep vein thromboses', 'produces'), ('raredisease antiphospholipid syndrome', 'sign thrombosis', 'produces'), ('raredisease aps', 'sign blood clots', 'produces'), ('raredisease aps', 'disease stroke', 'produces'), ('raredisease aps', 'sign recurrent pregnancy loss', 'produces'), ('raredisease aps', 'disease recurrent miscarriages', 'produces'), ('raredisease aps', 'raredisease primary antiphospholipid syndrome', 'produces'), ('raredisease aps', 'disease lupus', 'produces')}","{('raredisease antiphospholipid syndrome', 'sign thromboses', 'produces')}"
,,,is_a,"{('disease lupus', 'disease autoimmune disorder', 'is_a'), ('disease systemic lupus erythematosus', 'disease autoimmune disorder', 'is_a')}","{('raredisease secondary antiphospholipid syndrome', 'raredisease aps', 'is_a'), ('raredisease primary antiphospholipid syndrome', 'raredisease aps', 'is_a')}"
,,,is_acron,"{('raredisease aps', 'raredisease antiphospholipid syndrome', 'is_acron')}","{('raredisease secondary antiphospholipid syndrome', 'raredisease antiphospholipid syndrome', 'is_acron')}"
95,{'anaphora'},{'anaphora'},,,
,,,anaphora,set(),set()
96,{'produces'},{'produces'},,,
,,,produces,"{('skinraredisease melorheostosis', 'sign low signal', 'produces'), ('skinraredisease melorheostosis', 'sign sclerotic bone lesions', 'produces'), ('skinraredisease melorheostosis', 'sign bone scans appear to be markedly positive', 'produces')}","{('raredisease melorheostosis', 'sign sclerotic bone lesions', 'produces')}"
97,"{'produces', 'anaphora', 'is_a'}","{'produces', 'anaphora', 'is_a'}",,,
,,,produces,"{('skinraredisease monilethrix', 'sign elevated spots surrounding the hair follicles', 'produces')}","{('skinraredisease monilethrix', 'sign papules', 'produces'), ('skinraredisease monilethrix', 'sign hair shaft resembles a string of evenly-spaced beads', 'produces')}"
,,,anaphora,set(),set()
,,,is_a,set(),set()
98,{'anaphora'},{'anaphora'},,,
,,,anaphora,set(),set()
99,"{'produces', 'anaphora', 'is_a'}","{'produces', 'anaphora', 'is_a'}",,,
,,,produces,"{('raredisease meige syndrome', 'sign involuntary and often forceful contractions of the muscles of the jaw', 'produces'), ('raredisease meige syndrome', 'sign involuntary muscle spasms and contractions of the muscles around the eyes', 'produces')}","{('raredisease meige syndrome', 'sign oromandibular dystonia', 'produces')}"
,,,anaphora,set(),set()
,,,is_a,set(),set()
100,set(),set(),,,
101,"{'produces', 'anaphora', 'is_a', 'is_synon'}","{'produces', '', 'is_a'}",,,
,,,,"{('raredisease pseudocholinesterase deficiency', 'sign excess anesthetic agent', ''), ('raredisease pseudocholinesterase deficiency', 'sign succinylcholine', '')}",
,,,produces,"{('raredisease pseudocholinesterase deficiency', 'sign apnea', 'produces'), ('raredisease pseudocholinesterase deficiency', 'sign mixed apnea', 'produces'), ('raredisease pseudocholinesterase deficiency', 'sign sensitivity to any of several anesthetic agents', 'produces'), ('disease infantile apnea', ""sign pauses in breathing during an infant's sleep"", 'produces'), ('raredisease pseudocholinesterase deficiency', 'sign upper airway apnea', 'produces'), ('raredisease pseudocholinesterase deficiency', 'sign normal breathing', 'produces'), ('raredisease pseudocholinesterase deficiency', 'sign central apnea', 'produces'), ('raredisease pseudocholinesterase deficiency', 'sign respiratory muscles paralyzed', 'produces'), ('raredisease pseudocholinesterase deficiency', 'sign obstructive apnea', 'produces')}","{('disease mixed apnea', 'sign central apnea followed by or intermixed with an obstructive apnea', 'produces'), ('anaphor ""the disorder""', 'sign chest movements but no passage of air through the mouth or nostrils', 'produces'), ('raredisease pseudocholinesterase deficiency', 'sign shortage or absence of the enzyme pseudocholinesterase in their blood serum', 'produces'), ('raredisease pseudocholinesterase deficiency', 'sign when anesthetic drugs administered muscles that work the lungs may become paralyzed', 'produces'), ('raredisease pseudocholinesterase deficiency', 'sign if anesthetic derivative of choline given apnea', 'produces'), ('disease central apnea', 'sign no chest movements during the pauses in breathing', 'produces'), ('anaphor ""it""', 'sign apnea', 'produces'), ('raredisease pseudocholinesterase deficiency', 'sign very sensitive to any of several anesthetic agents', 'produces'), ('raredisease pseudocholinesterase deficiency', 'sign very sensitive to derived from choline', 'produces'), ('raredisease infantile apnea', 'sign apnea', 'produces'), ('raredisease infantile apnea', ""sign pauses in breathing during an infant's sleep"", 'produces')}"
,,,anaphora,set(),"{('raredisease pseudocholinesterase deficiency', 'anaphor ""it""', 'anaphora'), ('disease obstructive apnea', 'anaphor ""the disorder""', 'anaphora')}"
,,,is_a,set(),set()
,,,is_synon,set(),"{('disease diaphragmatic apnea', 'disease central apnea', 'is_synon'), ('disease upper airway apnea', 'disease obstructive apnea', 'is_synon')}"
102,"{'produces', 'is_a', 'is_acron'}","{'produces', 'is_acron'}",,,
,,,produces,"{('raredisease ovotesticular disorder of sex development', 'sign internal reproductive organs (gonads) of both sexes', 'produces'), ('raredisease ovotesticular dsd', 'sign external genitalia ambiguous', 'produces')}","{('raredisease ovotesticular disorder of sex development', 'sign gonads can be any combination of ovary, testes or combined ovary and testes (ovotestes)', 'produces'), ('raredisease ovotesticular disorder of sex development', 'sign born with female ovaries and male testes', 'produces')}"
,,,is_a,set(),"{('raredisease ovotesticular dsd', 'raredisease disorder of sex development', 'is_a')}"
,,,is_acron,set(),set()
103,{'produces'},"{'produces', 'anaphora', 'is_a', 'is_acron'}",,,
,,,anaphora,"{('raredisease balo disease', 'anaphor ""it""', 'anaphora')}",
,,,is_a,"{('raredisease balo disease', 'disease autoimmune disorders', 'is_a')}",
,,,is_acron,"{('raredisease ms', 'raredisease balo disease', 'is_acron')}",
,,,produces,"{('raredisease balo disease', 'sign neurological symptoms', 'produces'), ('raredisease balo disease', 'sign weakness', 'produces'), ('raredisease balo disease', 'sign gradual onset of symptoms', 'produces'), ('disease infectious disease', 'symptom painful headaches', 'produces')}","{('disease ms', 'sign muscle spasms', 'produces'), ('disease infectious disease', 'sign painful headaches', 'produces'), ('raredisease balo disease', 'symptom weakness', 'produces'), ('disease ms', 'sign paralysis', 'produces'), ('raredisease balo disease', 'sign painful headaches', 'produces'), ('raredisease balo disease', 'sign high fever', 'produces')}"
104,{'produces'},{'produces'},,,
,,,produces,"{('raredisease agat', 'sign failure to thrive', 'produces'), ('raredisease agat', 'sign weak muscle tone', 'produces'), ('raredisease agat', 'sign seizure activity', 'produces'), ('raredisease agat', 'sign delayed development of motor skills', 'produces'), ('raredisease agat', 'sign autistic like behaviors', 'produces'), ('raredisease agat', 'sign mild to moderate intellectual disabilities', 'produces'), ('raredisease agat', 'sign tend to tire easily', 'produces')}","{('raredisease ccds', 'disease autism', 'produces'), ('raredisease agat', 'sign intellectual disabilities', 'produces'), ('raredisease ccds', 'raredisease agat', 'produces'), ('raredisease agat', 'sign seizure', 'produces')}"
